#
# TABLE STRUCTURE FOR: boiling_point_id
#

DROP TABLE IF EXISTS `boiling_point_id`;

CREATE TABLE `boiling_point_id` (
  `id` int(10) unsigned NOT NULL,
  `name` varchar(100) COLLATE utf8_unicode_ci NOT NULL,
  `city_id` varchar(130) COLLATE utf8_unicode_ci NOT NULL,
  `email` varchar(100) COLLATE utf8_unicode_ci NOT NULL,
  `phone` varchar(100) COLLATE utf8_unicode_ci NOT NULL,
  PRIMARY KEY (`id`),
  UNIQUE KEY `email` (`email`),
  UNIQUE KEY `phone` (`phone`)
) ENGINE=InnoDB DEFAULT CHARSET=utf8 COLLATE=utf8_unicode_ci;

INSERT INTO `boiling_point_id` (`id`, `name`, `city_id`, `email`, `phone`) VALUES (1, 'Gerhold, Ryan and Leffler', 'South Brendan', 'seamus.johnston@example.org', '(516)602-6826x66811');
INSERT INTO `boiling_point_id` (`id`, `name`, `city_id`, `email`, `phone`) VALUES (2, 'O\'Keefe LLC', 'South Preston', 'johnnie.morar@example.net', '(038)321-3158');
INSERT INTO `boiling_point_id` (`id`, `name`, `city_id`, `email`, `phone`) VALUES (3, 'Treutel-Feil', 'Hilllbury', 'arvilla.hansen@example.net', '02109878217');
INSERT INTO `boiling_point_id` (`id`, `name`, `city_id`, `email`, `phone`) VALUES (4, 'Muller, Raynor and Wintheiser', 'Maxwellmouth', 'edmund.weissnat@example.net', '+68(3)7545717633');
INSERT INTO `boiling_point_id` (`id`, `name`, `city_id`, `email`, `phone`) VALUES (5, 'Larson Group', 'Lake Frederik', 'homenick.zelda@example.org', '(254)733-9969x94086');
INSERT INTO `boiling_point_id` (`id`, `name`, `city_id`, `email`, `phone`) VALUES (6, 'Hodkiewicz PLC', 'South Enoston', 'zzulauf@example.org', '083.900.0511x1592');
INSERT INTO `boiling_point_id` (`id`, `name`, `city_id`, `email`, `phone`) VALUES (7, 'Langworth-Mosciski', 'Brendamouth', 'katherine31@example.net', '612.168.2068x01895');
INSERT INTO `boiling_point_id` (`id`, `name`, `city_id`, `email`, `phone`) VALUES (8, 'Trantow-Reynolds', 'Goyettemouth', 'casper.herta@example.com', '677-878-5078x83979');
INSERT INTO `boiling_point_id` (`id`, `name`, `city_id`, `email`, `phone`) VALUES (9, 'Murazik-Parisian', 'East Vella', 'ukoelpin@example.net', '(073)411-6500x5148');
INSERT INTO `boiling_point_id` (`id`, `name`, `city_id`, `email`, `phone`) VALUES (10, 'Becker, Eichmann and Turcotte', 'Leannonchester', 'lorna.thiel@example.net', '506.490.6753');
INSERT INTO `boiling_point_id` (`id`, `name`, `city_id`, `email`, `phone`) VALUES (11, 'Vandervort-Bosco', 'Jovanyside', 'eliane.schulist@example.org', '554.734.5776');
INSERT INTO `boiling_point_id` (`id`, `name`, `city_id`, `email`, `phone`) VALUES (12, 'Marvin-Hansen', 'Rippinview', 'flavio71@example.org', '793-933-4338x5698');
INSERT INTO `boiling_point_id` (`id`, `name`, `city_id`, `email`, `phone`) VALUES (13, 'Dare-Funk', 'Titusfurt', 'vkohler@example.com', '985.403.0197');
INSERT INTO `boiling_point_id` (`id`, `name`, `city_id`, `email`, `phone`) VALUES (14, 'Kreiger-Leffler', 'Konopelskihaven', 'tess54@example.net', '964-602-1840x24506');
INSERT INTO `boiling_point_id` (`id`, `name`, `city_id`, `email`, `phone`) VALUES (15, 'McClure-Marks', 'Stiedemanntown', 'augustine.reynolds@example.com', '376-392-1954x41313');
INSERT INTO `boiling_point_id` (`id`, `name`, `city_id`, `email`, `phone`) VALUES (16, 'Corkery-Corkery', 'West Reyna', 'mschroeder@example.net', '06947437727');
INSERT INTO `boiling_point_id` (`id`, `name`, `city_id`, `email`, `phone`) VALUES (17, 'Wiza, O\'Kon and Nienow', 'South Susan', 'maxine.grant@example.com', '656-325-4544x60912');
INSERT INTO `boiling_point_id` (`id`, `name`, `city_id`, `email`, `phone`) VALUES (18, 'Quigley-Balistreri', 'East Louisaberg', 'hammes.dax@example.com', '(932)591-2919x7760');
INSERT INTO `boiling_point_id` (`id`, `name`, `city_id`, `email`, `phone`) VALUES (19, 'Stehr PLC', 'South Rubietown', 'concepcion.torphy@example.com', '353-519-4109x17070');
INSERT INTO `boiling_point_id` (`id`, `name`, `city_id`, `email`, `phone`) VALUES (20, 'Witting, Brakus and Barton', 'South Chadd', 'zora38@example.net', '(166)402-6236');
INSERT INTO `boiling_point_id` (`id`, `name`, `city_id`, `email`, `phone`) VALUES (21, 'Schmeler, Hills and Greenholt', 'Starkville', 'brekke.ally@example.com', '736.817.5039');
INSERT INTO `boiling_point_id` (`id`, `name`, `city_id`, `email`, `phone`) VALUES (22, 'Monahan, Schoen and Zieme', 'West Lilliana', 'edwin.ebert@example.net', '744-363-7197x390');
INSERT INTO `boiling_point_id` (`id`, `name`, `city_id`, `email`, `phone`) VALUES (23, 'Heaney PLC', 'West Morton', 'mwindler@example.net', '139.201.3080x98294');
INSERT INTO `boiling_point_id` (`id`, `name`, `city_id`, `email`, `phone`) VALUES (24, 'Kuhic Ltd', 'South Sandramouth', 'bartoletti.raina@example.com', '(637)833-6519');
INSERT INTO `boiling_point_id` (`id`, `name`, `city_id`, `email`, `phone`) VALUES (25, 'Ruecker LLC', 'North Lindaton', 'elvie11@example.com', '(646)784-6375');
INSERT INTO `boiling_point_id` (`id`, `name`, `city_id`, `email`, `phone`) VALUES (26, 'Cummerata LLC', 'Rubieburgh', 'nels68@example.com', '05575406083');
INSERT INTO `boiling_point_id` (`id`, `name`, `city_id`, `email`, `phone`) VALUES (27, 'Lemke LLC', 'West Ameliemouth', 'rtowne@example.com', '1-196-884-4017');
INSERT INTO `boiling_point_id` (`id`, `name`, `city_id`, `email`, `phone`) VALUES (28, 'Wisoky Inc', 'Stevieshire', 'grant49@example.com', '1-740-561-9764x56450');
INSERT INTO `boiling_point_id` (`id`, `name`, `city_id`, `email`, `phone`) VALUES (29, 'Zboncak, Powlowski and Bode', 'East Enaberg', 'nelda06@example.net', '558.764.9530x47466');
INSERT INTO `boiling_point_id` (`id`, `name`, `city_id`, `email`, `phone`) VALUES (30, 'Daniel-Johns', 'Gerholdstad', 'ncorkery@example.com', '(720)837-2923');
INSERT INTO `boiling_point_id` (`id`, `name`, `city_id`, `email`, `phone`) VALUES (31, 'Armstrong-Mills', 'South Demario', 'johnathon.schroeder@example.net', '1-131-914-2601');
INSERT INTO `boiling_point_id` (`id`, `name`, `city_id`, `email`, `phone`) VALUES (32, 'Abshire and Sons', 'Kreigerville', 'milford79@example.org', '1-060-204-7760x92615');
INSERT INTO `boiling_point_id` (`id`, `name`, `city_id`, `email`, `phone`) VALUES (33, 'Schroeder-Crooks', 'North Stacey', 'abe.gorczany@example.org', '686.558.2224x37227');
INSERT INTO `boiling_point_id` (`id`, `name`, `city_id`, `email`, `phone`) VALUES (34, 'O\'Connell, Reinger and Beahan', 'Port Corenehaven', 'alubowitz@example.net', '611.017.5028x0099');
INSERT INTO `boiling_point_id` (`id`, `name`, `city_id`, `email`, `phone`) VALUES (35, 'Ankunding, Mraz and Anderson', 'East Deon', 'roscoe.keeling@example.org', '+03(7)1295918070');
INSERT INTO `boiling_point_id` (`id`, `name`, `city_id`, `email`, `phone`) VALUES (36, 'O\'Hara Inc', 'Reichertton', 'russel.elfrieda@example.org', '06064050138');
INSERT INTO `boiling_point_id` (`id`, `name`, `city_id`, `email`, `phone`) VALUES (37, 'Bahringer-Hartmann', 'Lake Deontechester', 'raynor.elouise@example.net', '(703)275-9261');
INSERT INTO `boiling_point_id` (`id`, `name`, `city_id`, `email`, `phone`) VALUES (38, 'Koch-Weimann', 'South Aimee', 'hailey90@example.net', '759.162.9268x05483');
INSERT INTO `boiling_point_id` (`id`, `name`, `city_id`, `email`, `phone`) VALUES (39, 'Wintheiser-Turcotte', 'Bergnaumville', 'elvis.nader@example.com', '1-650-240-8538');
INSERT INTO `boiling_point_id` (`id`, `name`, `city_id`, `email`, `phone`) VALUES (40, 'Pacocha-Tromp', 'Codyville', 'heller.drake@example.org', '(350)016-9292');
INSERT INTO `boiling_point_id` (`id`, `name`, `city_id`, `email`, `phone`) VALUES (41, 'Schoen, Kessler and Schowalter', 'East Arvelland', 'gwendolyn.homenick@example.net', '394-981-6883x6179');
INSERT INTO `boiling_point_id` (`id`, `name`, `city_id`, `email`, `phone`) VALUES (42, 'Grady-Bernhard', 'Morrisstad', 'bschuppe@example.com', '246-611-6681x778');
INSERT INTO `boiling_point_id` (`id`, `name`, `city_id`, `email`, `phone`) VALUES (43, 'Hane-Romaguera', 'Lake Brennanberg', 'ihowell@example.org', '1-640-713-6552');
INSERT INTO `boiling_point_id` (`id`, `name`, `city_id`, `email`, `phone`) VALUES (44, 'Cruickshank, Ritchie and Davis', 'Tillmanview', 'jauer@example.org', '004.089.9565x8942');
INSERT INTO `boiling_point_id` (`id`, `name`, `city_id`, `email`, `phone`) VALUES (45, 'Murray, Ebert and Fay', 'Hoytton', 'diamond48@example.org', '1-254-546-8017');
INSERT INTO `boiling_point_id` (`id`, `name`, `city_id`, `email`, `phone`) VALUES (46, 'Conroy, Emard and Renner', 'Armandoshire', 'walter39@example.net', '(981)287-8904');
INSERT INTO `boiling_point_id` (`id`, `name`, `city_id`, `email`, `phone`) VALUES (47, 'Murray-Stracke', 'Belleburgh', 'alana.cole@example.net', '084-034-5281x334');
INSERT INTO `boiling_point_id` (`id`, `name`, `city_id`, `email`, `phone`) VALUES (48, 'Schinner-Stehr', 'Arnaldoport', 'macie.sipes@example.com', '556.240.1189x22768');
INSERT INTO `boiling_point_id` (`id`, `name`, `city_id`, `email`, `phone`) VALUES (49, 'Kreiger, Feeney and Kunde', 'Calebville', 'flavio.schaden@example.net', '(957)418-1131x544');
INSERT INTO `boiling_point_id` (`id`, `name`, `city_id`, `email`, `phone`) VALUES (50, 'Rogahn Group', 'Grimesstad', 'jacey.will@example.org', '047.721.5621');
INSERT INTO `boiling_point_id` (`id`, `name`, `city_id`, `email`, `phone`) VALUES (51, 'Prohaska Inc', 'Simonischester', 'estell.pfeffer@example.com', '640-593-7118x647');
INSERT INTO `boiling_point_id` (`id`, `name`, `city_id`, `email`, `phone`) VALUES (52, 'Kautzer, Hammes and Emard', 'New Reba', 'alexandrea71@example.net', '(123)166-1498');
INSERT INTO `boiling_point_id` (`id`, `name`, `city_id`, `email`, `phone`) VALUES (53, 'Smitham, Yost and Hills', 'Collinsville', 'rosalee.rogahn@example.org', '1-184-656-0129x80494');
INSERT INTO `boiling_point_id` (`id`, `name`, `city_id`, `email`, `phone`) VALUES (54, 'Torp, Keebler and Funk', 'West Queenieton', 'clementina20@example.com', '+47(9)7519839681');
INSERT INTO `boiling_point_id` (`id`, `name`, `city_id`, `email`, `phone`) VALUES (55, 'Fahey PLC', 'South Margie', 'leopoldo78@example.com', '1-238-692-6784x4391');
INSERT INTO `boiling_point_id` (`id`, `name`, `city_id`, `email`, `phone`) VALUES (56, 'Koss, Towne and Reilly', 'Theresefurt', 'elody56@example.org', '1-754-323-3551x667');
INSERT INTO `boiling_point_id` (`id`, `name`, `city_id`, `email`, `phone`) VALUES (57, 'Hilll-Koss', 'Lake Rickey', 'vprohaska@example.com', '1-598-675-1985');
INSERT INTO `boiling_point_id` (`id`, `name`, `city_id`, `email`, `phone`) VALUES (58, 'Bednar-Lebsack', 'Lake Roslynfurt', 'rex95@example.org', '416.966.0722x215');
INSERT INTO `boiling_point_id` (`id`, `name`, `city_id`, `email`, `phone`) VALUES (59, 'Walter, Runte and Pollich', 'Pfeffermouth', 'tharris@example.org', '02452747984');
INSERT INTO `boiling_point_id` (`id`, `name`, `city_id`, `email`, `phone`) VALUES (60, 'Eichmann-Heathcote', 'Barrymouth', 'gorczany.jeffry@example.org', '08519270507');
INSERT INTO `boiling_point_id` (`id`, `name`, `city_id`, `email`, `phone`) VALUES (61, 'Jacobi Inc', 'Elzaside', 'tevin.padberg@example.net', '248.085.9184');
INSERT INTO `boiling_point_id` (`id`, `name`, `city_id`, `email`, `phone`) VALUES (62, 'Bechtelar-Ruecker', 'West Chelsie', 'georgette.rohan@example.org', '358.647.8820x849');
INSERT INTO `boiling_point_id` (`id`, `name`, `city_id`, `email`, `phone`) VALUES (63, 'Lindgren-Stamm', 'New Dimitrifort', 'vanessa.larson@example.com', '1-960-150-9259');
INSERT INTO `boiling_point_id` (`id`, `name`, `city_id`, `email`, `phone`) VALUES (64, 'Morar, Parisian and Windler', 'Kennethton', 'xzavier78@example.org', '1-975-200-5828x5766');
INSERT INTO `boiling_point_id` (`id`, `name`, `city_id`, `email`, `phone`) VALUES (65, 'McKenzie and Sons', 'New Briaport', 'fnikolaus@example.org', '1-237-242-4844');
INSERT INTO `boiling_point_id` (`id`, `name`, `city_id`, `email`, `phone`) VALUES (66, 'Reinger-Nader', 'East Anika', 'eudora90@example.net', '1-653-709-8687x278');
INSERT INTO `boiling_point_id` (`id`, `name`, `city_id`, `email`, `phone`) VALUES (67, 'Boehm, Farrell and Von', 'North Amiya', 'santiago.schuppe@example.com', '479-155-0780x8833');
INSERT INTO `boiling_point_id` (`id`, `name`, `city_id`, `email`, `phone`) VALUES (68, 'Rosenbaum, Runte and Gottlieb', 'Ibrahimport', 'kadin48@example.net', '1-662-526-6644');
INSERT INTO `boiling_point_id` (`id`, `name`, `city_id`, `email`, `phone`) VALUES (69, 'Quitzon, Marquardt and Batz', 'Kaylinfurt', 'kevon24@example.net', '1-862-354-3560');
INSERT INTO `boiling_point_id` (`id`, `name`, `city_id`, `email`, `phone`) VALUES (70, 'Pouros, Schamberger and Wintheiser', 'Port Hattiebury', 'catherine.renner@example.net', '906.154.2662');
INSERT INTO `boiling_point_id` (`id`, `name`, `city_id`, `email`, `phone`) VALUES (71, 'Sanford Group', 'South Terence', 'qdach@example.com', '578.487.1748x873');
INSERT INTO `boiling_point_id` (`id`, `name`, `city_id`, `email`, `phone`) VALUES (72, 'Howell LLC', 'Everettport', 'jacinthe50@example.com', '07562790864');
INSERT INTO `boiling_point_id` (`id`, `name`, `city_id`, `email`, `phone`) VALUES (73, 'Kemmer-Zboncak', 'South Darrickside', 'fisher.trisha@example.com', '460.985.8295x25237');
INSERT INTO `boiling_point_id` (`id`, `name`, `city_id`, `email`, `phone`) VALUES (74, 'Wiza LLC', 'West Amir', 'fbogan@example.net', '261-516-5520x0273');
INSERT INTO `boiling_point_id` (`id`, `name`, `city_id`, `email`, `phone`) VALUES (75, 'Swift, Bartoletti and Lehner', 'North Wilfordville', 'kassulke.marquis@example.com', '252-707-1683x5481');
INSERT INTO `boiling_point_id` (`id`, `name`, `city_id`, `email`, `phone`) VALUES (76, 'Leffler, Bosco and Hansen', 'Osinskiborough', 'ssatterfield@example.net', '(079)608-4773x06525');
INSERT INTO `boiling_point_id` (`id`, `name`, `city_id`, `email`, `phone`) VALUES (77, 'Harber, Lemke and Oberbrunner', 'New Matt', 'jaskolski.will@example.net', '(217)207-2153');
INSERT INTO `boiling_point_id` (`id`, `name`, `city_id`, `email`, `phone`) VALUES (78, 'Gulgowski, Considine and Hodkiewicz', 'New Bessieton', 'ila52@example.net', '(412)064-0702x564');
INSERT INTO `boiling_point_id` (`id`, `name`, `city_id`, `email`, `phone`) VALUES (79, 'Buckridge, Willms and Hand', 'Muellerberg', 'mante.adela@example.org', '(246)459-6912x5306');
INSERT INTO `boiling_point_id` (`id`, `name`, `city_id`, `email`, `phone`) VALUES (80, 'Thiel-Goldner', 'West Annabelmouth', 'upredovic@example.org', '1-509-841-3955x4412');
INSERT INTO `boiling_point_id` (`id`, `name`, `city_id`, `email`, `phone`) VALUES (81, 'Becker, Veum and Steuber', 'New Jeramy', 'creola.parisian@example.com', '1-090-749-3110x17800');
INSERT INTO `boiling_point_id` (`id`, `name`, `city_id`, `email`, `phone`) VALUES (82, 'Hoppe Group', 'Antoninafort', 'dora06@example.org', '03149602400');
INSERT INTO `boiling_point_id` (`id`, `name`, `city_id`, `email`, `phone`) VALUES (83, 'Satterfield Inc', 'South Enola', 'rauer@example.org', '00699135940');
INSERT INTO `boiling_point_id` (`id`, `name`, `city_id`, `email`, `phone`) VALUES (84, 'Conroy, Friesen and Sauer', 'Lake Tinabury', 'fjohnston@example.com', '1-020-948-5117');
INSERT INTO `boiling_point_id` (`id`, `name`, `city_id`, `email`, `phone`) VALUES (85, 'Hudson, Schmitt and Walsh', 'Steubershire', 'glesch@example.net', '735-701-2385x36836');
INSERT INTO `boiling_point_id` (`id`, `name`, `city_id`, `email`, `phone`) VALUES (86, 'Goldner Ltd', 'Alessandrafort', 'raphaelle.zieme@example.org', '00280660619');
INSERT INTO `boiling_point_id` (`id`, `name`, `city_id`, `email`, `phone`) VALUES (87, 'Sawayn-Hartmann', 'New Drake', 'khalid18@example.net', '943-528-0532x5431');
INSERT INTO `boiling_point_id` (`id`, `name`, `city_id`, `email`, `phone`) VALUES (88, 'Jones, Mayert and Rice', 'Kleinberg', 'brody.breitenberg@example.net', '(348)621-5269');
INSERT INTO `boiling_point_id` (`id`, `name`, `city_id`, `email`, `phone`) VALUES (89, 'Murphy-Turcotte', 'New Hershel', 'treva17@example.org', '(753)289-7562');
INSERT INTO `boiling_point_id` (`id`, `name`, `city_id`, `email`, `phone`) VALUES (90, 'Ritchie-Jones', 'West Joanie', 'amelia47@example.net', '(050)835-9723');
INSERT INTO `boiling_point_id` (`id`, `name`, `city_id`, `email`, `phone`) VALUES (91, 'Rath LLC', 'Violafurt', 'nhodkiewicz@example.net', '01312437356');
INSERT INTO `boiling_point_id` (`id`, `name`, `city_id`, `email`, `phone`) VALUES (92, 'Morissette, Dibbert and Hilpert', 'Port Waylon', 'graham.renee@example.com', '644-737-5790');
INSERT INTO `boiling_point_id` (`id`, `name`, `city_id`, `email`, `phone`) VALUES (93, 'Skiles, Stamm and Upton', 'Blockport', 'parker.bradley@example.org', '1-872-262-9210x4172');
INSERT INTO `boiling_point_id` (`id`, `name`, `city_id`, `email`, `phone`) VALUES (94, 'Lakin, Schaefer and Corkery', 'South Haskell', 'ahoppe@example.org', '01858616893');
INSERT INTO `boiling_point_id` (`id`, `name`, `city_id`, `email`, `phone`) VALUES (95, 'Macejkovic, Denesik and Jacobson', 'East Chaimfort', 'joana71@example.net', '737-942-7917x63098');
INSERT INTO `boiling_point_id` (`id`, `name`, `city_id`, `email`, `phone`) VALUES (96, 'Rau, Hartmann and Wunsch', 'West Eleanore', 'ycorwin@example.org', '(627)387-2234x354');
INSERT INTO `boiling_point_id` (`id`, `name`, `city_id`, `email`, `phone`) VALUES (97, 'Crona LLC', 'East Jaceburgh', 'akuvalis@example.org', '1-543-666-7585');
INSERT INTO `boiling_point_id` (`id`, `name`, `city_id`, `email`, `phone`) VALUES (98, 'Legros-Schuster', 'Tromphaven', 'lura58@example.net', '602.375.1754');
INSERT INTO `boiling_point_id` (`id`, `name`, `city_id`, `email`, `phone`) VALUES (99, 'Dibbert-Klocko', 'East Dallasfurt', 'jamel.howell@example.com', '1-574-174-7449x36906');
INSERT INTO `boiling_point_id` (`id`, `name`, `city_id`, `email`, `phone`) VALUES (100, 'Renner and Sons', 'Meaganland', 'thompson.esta@example.org', '822.709.6241x90856');


#
# TABLE STRUCTURE FOR: city_id
#

DROP TABLE IF EXISTS `city_id`;

CREATE TABLE `city_id` (
  `id` int(10) unsigned NOT NULL,
  `city` varchar(130) COLLATE utf8_unicode_ci DEFAULT NULL,
  PRIMARY KEY (`id`)
) ENGINE=InnoDB DEFAULT CHARSET=utf8 COLLATE=utf8_unicode_ci;

INSERT INTO `city_id` (`id`, `city`) VALUES (1, 'New Lauren');
INSERT INTO `city_id` (`id`, `city`) VALUES (2, 'North Lilyan');
INSERT INTO `city_id` (`id`, `city`) VALUES (3, 'Devenmouth');
INSERT INTO `city_id` (`id`, `city`) VALUES (4, 'Arictown');
INSERT INTO `city_id` (`id`, `city`) VALUES (5, 'South Gregg');
INSERT INTO `city_id` (`id`, `city`) VALUES (6, 'Dooleyton');
INSERT INTO `city_id` (`id`, `city`) VALUES (7, 'Kendallmouth');
INSERT INTO `city_id` (`id`, `city`) VALUES (8, 'Oberbrunnershire');
INSERT INTO `city_id` (`id`, `city`) VALUES (9, 'Lake Rachaelberg');
INSERT INTO `city_id` (`id`, `city`) VALUES (10, 'Phyllisville');
INSERT INTO `city_id` (`id`, `city`) VALUES (11, 'West Lue');
INSERT INTO `city_id` (`id`, `city`) VALUES (12, 'Schummborough');
INSERT INTO `city_id` (`id`, `city`) VALUES (13, 'Denatown');
INSERT INTO `city_id` (`id`, `city`) VALUES (14, 'Port Alanis');
INSERT INTO `city_id` (`id`, `city`) VALUES (15, 'South Santiago');
INSERT INTO `city_id` (`id`, `city`) VALUES (16, 'New Eldredfurt');
INSERT INTO `city_id` (`id`, `city`) VALUES (17, 'Arielport');
INSERT INTO `city_id` (`id`, `city`) VALUES (18, 'Alexandroview');
INSERT INTO `city_id` (`id`, `city`) VALUES (19, 'Crystalchester');
INSERT INTO `city_id` (`id`, `city`) VALUES (20, 'Nealfort');
INSERT INTO `city_id` (`id`, `city`) VALUES (21, 'Kameronfort');
INSERT INTO `city_id` (`id`, `city`) VALUES (22, 'South Frederik');
INSERT INTO `city_id` (`id`, `city`) VALUES (23, 'Lake Arnoldburgh');
INSERT INTO `city_id` (`id`, `city`) VALUES (24, 'Quitzonside');
INSERT INTO `city_id` (`id`, `city`) VALUES (25, 'Armstrongton');
INSERT INTO `city_id` (`id`, `city`) VALUES (26, 'Durwardbury');
INSERT INTO `city_id` (`id`, `city`) VALUES (27, 'South Delia');
INSERT INTO `city_id` (`id`, `city`) VALUES (28, 'Vernaport');
INSERT INTO `city_id` (`id`, `city`) VALUES (29, 'South Megane');
INSERT INTO `city_id` (`id`, `city`) VALUES (30, 'Port Martaburgh');
INSERT INTO `city_id` (`id`, `city`) VALUES (31, 'McDermottton');
INSERT INTO `city_id` (`id`, `city`) VALUES (32, 'Faheyburgh');
INSERT INTO `city_id` (`id`, `city`) VALUES (33, 'West Angus');
INSERT INTO `city_id` (`id`, `city`) VALUES (34, 'Torpbury');
INSERT INTO `city_id` (`id`, `city`) VALUES (35, 'Earleneside');
INSERT INTO `city_id` (`id`, `city`) VALUES (36, 'West Omari');
INSERT INTO `city_id` (`id`, `city`) VALUES (37, 'Welchborough');
INSERT INTO `city_id` (`id`, `city`) VALUES (38, 'North Gus');
INSERT INTO `city_id` (`id`, `city`) VALUES (39, 'Blickchester');
INSERT INTO `city_id` (`id`, `city`) VALUES (40, 'Filibertofort');
INSERT INTO `city_id` (`id`, `city`) VALUES (41, 'Breitenbergberg');
INSERT INTO `city_id` (`id`, `city`) VALUES (42, 'New Lowell');
INSERT INTO `city_id` (`id`, `city`) VALUES (43, 'Willieberg');
INSERT INTO `city_id` (`id`, `city`) VALUES (44, 'Johannashire');
INSERT INTO `city_id` (`id`, `city`) VALUES (45, 'Tianaville');
INSERT INTO `city_id` (`id`, `city`) VALUES (46, 'Lake Simeonport');
INSERT INTO `city_id` (`id`, `city`) VALUES (47, 'Brendonchester');
INSERT INTO `city_id` (`id`, `city`) VALUES (48, 'North Axelchester');
INSERT INTO `city_id` (`id`, `city`) VALUES (49, 'Jeanieville');
INSERT INTO `city_id` (`id`, `city`) VALUES (50, 'Noemiburgh');
INSERT INTO `city_id` (`id`, `city`) VALUES (51, 'Port Adriannamouth');
INSERT INTO `city_id` (`id`, `city`) VALUES (52, 'Stephanyborough');
INSERT INTO `city_id` (`id`, `city`) VALUES (53, 'Tillmanburgh');
INSERT INTO `city_id` (`id`, `city`) VALUES (54, 'Pietrobury');
INSERT INTO `city_id` (`id`, `city`) VALUES (55, 'East Aliviaside');
INSERT INTO `city_id` (`id`, `city`) VALUES (56, 'Lake Mariana');
INSERT INTO `city_id` (`id`, `city`) VALUES (57, 'Traceland');
INSERT INTO `city_id` (`id`, `city`) VALUES (58, 'Alessandrobury');
INSERT INTO `city_id` (`id`, `city`) VALUES (59, 'Lake Brenden');
INSERT INTO `city_id` (`id`, `city`) VALUES (60, 'South Yolanda');
INSERT INTO `city_id` (`id`, `city`) VALUES (61, 'North Tobytown');
INSERT INTO `city_id` (`id`, `city`) VALUES (62, 'New Alfonzochester');
INSERT INTO `city_id` (`id`, `city`) VALUES (63, 'Minaville');
INSERT INTO `city_id` (`id`, `city`) VALUES (64, 'Wolffside');
INSERT INTO `city_id` (`id`, `city`) VALUES (65, 'Gusikowskichester');
INSERT INTO `city_id` (`id`, `city`) VALUES (66, 'West Kayley');
INSERT INTO `city_id` (`id`, `city`) VALUES (67, 'Chetfort');
INSERT INTO `city_id` (`id`, `city`) VALUES (68, 'Reichelshire');
INSERT INTO `city_id` (`id`, `city`) VALUES (69, 'Lake Gideonmouth');
INSERT INTO `city_id` (`id`, `city`) VALUES (70, 'Derickside');
INSERT INTO `city_id` (`id`, `city`) VALUES (71, 'East Elmoton');
INSERT INTO `city_id` (`id`, `city`) VALUES (72, 'North Linwoodborough');
INSERT INTO `city_id` (`id`, `city`) VALUES (73, 'O\'Reillyfurt');
INSERT INTO `city_id` (`id`, `city`) VALUES (74, 'West Nelda');
INSERT INTO `city_id` (`id`, `city`) VALUES (75, 'Veumtown');
INSERT INTO `city_id` (`id`, `city`) VALUES (76, 'Bartonhaven');
INSERT INTO `city_id` (`id`, `city`) VALUES (77, 'Lake Antone');
INSERT INTO `city_id` (`id`, `city`) VALUES (78, 'Brainland');
INSERT INTO `city_id` (`id`, `city`) VALUES (79, 'Genovevahaven');
INSERT INTO `city_id` (`id`, `city`) VALUES (80, 'South Marguerite');
INSERT INTO `city_id` (`id`, `city`) VALUES (81, 'Klingfurt');
INSERT INTO `city_id` (`id`, `city`) VALUES (82, 'Schimmelborough');
INSERT INTO `city_id` (`id`, `city`) VALUES (83, 'Abernathymouth');
INSERT INTO `city_id` (`id`, `city`) VALUES (84, 'Metamouth');
INSERT INTO `city_id` (`id`, `city`) VALUES (85, 'New Maeburgh');
INSERT INTO `city_id` (`id`, `city`) VALUES (86, 'East Trinityhaven');
INSERT INTO `city_id` (`id`, `city`) VALUES (87, 'Adanbury');
INSERT INTO `city_id` (`id`, `city`) VALUES (88, 'South Barton');
INSERT INTO `city_id` (`id`, `city`) VALUES (89, 'Lake Durward');
INSERT INTO `city_id` (`id`, `city`) VALUES (90, 'North Pedro');
INSERT INTO `city_id` (`id`, `city`) VALUES (91, 'Lake Brandochester');
INSERT INTO `city_id` (`id`, `city`) VALUES (92, 'East Julianne');
INSERT INTO `city_id` (`id`, `city`) VALUES (93, 'Lake Francescaton');
INSERT INTO `city_id` (`id`, `city`) VALUES (94, 'East David');
INSERT INTO `city_id` (`id`, `city`) VALUES (95, 'New Nick');
INSERT INTO `city_id` (`id`, `city`) VALUES (96, 'Durganfurt');
INSERT INTO `city_id` (`id`, `city`) VALUES (97, 'Walterchester');
INSERT INTO `city_id` (`id`, `city`) VALUES (98, 'Eladioville');
INSERT INTO `city_id` (`id`, `city`) VALUES (99, 'Kristofferside');
INSERT INTO `city_id` (`id`, `city`) VALUES (100, 'Shannychester');


#
# TABLE STRUCTURE FOR: event_id
#

DROP TABLE IF EXISTS `event_id`;

CREATE TABLE `event_id` (
  `id` int(10) unsigned NOT NULL,
  `user_id` int(10) unsigned NOT NULL,
  `point_id` int(10) unsigned NOT NULL,
  `status_id` int(10) unsigned NOT NULL,
  `requested_at` datetime DEFAULT current_timestamp(),
  `confirmed_at` datetime DEFAULT NULL,
  PRIMARY KEY (`id`,`user_id`,`point_id`)
) ENGINE=InnoDB DEFAULT CHARSET=utf8 COLLATE=utf8_unicode_ci;

INSERT INTO `event_id` (`id`, `user_id`, `point_id`, `status_id`, `requested_at`, `confirmed_at`) VALUES (1, 1, 1, 0, '2016-01-04 19:56:37', '2016-12-12 15:48:34');
INSERT INTO `event_id` (`id`, `user_id`, `point_id`, `status_id`, `requested_at`, `confirmed_at`) VALUES (2, 2, 2, 0, '2012-04-08 12:11:45', '2017-06-04 22:03:36');
INSERT INTO `event_id` (`id`, `user_id`, `point_id`, `status_id`, `requested_at`, `confirmed_at`) VALUES (3, 3, 3, 0, '2017-12-15 10:31:41', '2014-04-22 15:24:01');
INSERT INTO `event_id` (`id`, `user_id`, `point_id`, `status_id`, `requested_at`, `confirmed_at`) VALUES (4, 4, 4, 0, '2012-11-21 11:19:56', '2017-08-19 22:52:29');
INSERT INTO `event_id` (`id`, `user_id`, `point_id`, `status_id`, `requested_at`, `confirmed_at`) VALUES (5, 5, 5, 0, '2015-07-24 17:05:49', '2020-02-19 14:27:23');
INSERT INTO `event_id` (`id`, `user_id`, `point_id`, `status_id`, `requested_at`, `confirmed_at`) VALUES (6, 6, 6, 0, '2015-03-05 07:29:03', '2016-07-01 17:33:40');
INSERT INTO `event_id` (`id`, `user_id`, `point_id`, `status_id`, `requested_at`, `confirmed_at`) VALUES (7, 7, 7, 0, '2014-10-05 05:19:57', '2011-10-30 16:36:46');
INSERT INTO `event_id` (`id`, `user_id`, `point_id`, `status_id`, `requested_at`, `confirmed_at`) VALUES (8, 8, 8, 0, '2012-08-08 13:38:03', '2013-08-11 17:36:06');
INSERT INTO `event_id` (`id`, `user_id`, `point_id`, `status_id`, `requested_at`, `confirmed_at`) VALUES (9, 9, 9, 0, '2011-01-22 17:48:32', '2013-05-25 12:37:19');
INSERT INTO `event_id` (`id`, `user_id`, `point_id`, `status_id`, `requested_at`, `confirmed_at`) VALUES (10, 10, 10, 0, '2019-02-26 10:09:01', '2010-07-07 16:03:52');
INSERT INTO `event_id` (`id`, `user_id`, `point_id`, `status_id`, `requested_at`, `confirmed_at`) VALUES (11, 11, 11, 0, '2017-06-05 22:34:25', '2018-04-20 10:15:18');
INSERT INTO `event_id` (`id`, `user_id`, `point_id`, `status_id`, `requested_at`, `confirmed_at`) VALUES (12, 12, 12, 0, '2017-12-08 17:17:22', '2014-03-19 20:56:17');
INSERT INTO `event_id` (`id`, `user_id`, `point_id`, `status_id`, `requested_at`, `confirmed_at`) VALUES (13, 13, 13, 0, '2011-06-18 12:06:31', '2015-12-22 15:58:36');
INSERT INTO `event_id` (`id`, `user_id`, `point_id`, `status_id`, `requested_at`, `confirmed_at`) VALUES (14, 14, 14, 0, '2013-07-03 10:55:56', '2018-10-23 07:40:29');
INSERT INTO `event_id` (`id`, `user_id`, `point_id`, `status_id`, `requested_at`, `confirmed_at`) VALUES (15, 15, 15, 0, '2014-09-14 09:35:57', '2013-04-17 20:04:42');
INSERT INTO `event_id` (`id`, `user_id`, `point_id`, `status_id`, `requested_at`, `confirmed_at`) VALUES (16, 16, 16, 0, '2015-06-26 08:23:39', '2011-03-22 21:31:55');
INSERT INTO `event_id` (`id`, `user_id`, `point_id`, `status_id`, `requested_at`, `confirmed_at`) VALUES (17, 17, 17, 0, '2012-09-19 13:59:36', '2019-12-11 20:03:38');
INSERT INTO `event_id` (`id`, `user_id`, `point_id`, `status_id`, `requested_at`, `confirmed_at`) VALUES (18, 18, 18, 0, '2018-10-27 23:32:21', '2011-02-21 06:05:57');
INSERT INTO `event_id` (`id`, `user_id`, `point_id`, `status_id`, `requested_at`, `confirmed_at`) VALUES (19, 19, 19, 0, '2015-05-05 13:44:01', '2018-12-30 15:56:24');
INSERT INTO `event_id` (`id`, `user_id`, `point_id`, `status_id`, `requested_at`, `confirmed_at`) VALUES (20, 20, 20, 0, '2015-12-28 00:10:55', '2016-06-22 01:10:12');
INSERT INTO `event_id` (`id`, `user_id`, `point_id`, `status_id`, `requested_at`, `confirmed_at`) VALUES (21, 21, 21, 0, '2011-06-30 23:10:28', '2015-06-18 14:25:49');
INSERT INTO `event_id` (`id`, `user_id`, `point_id`, `status_id`, `requested_at`, `confirmed_at`) VALUES (22, 22, 22, 0, '2010-12-19 00:07:16', '2015-04-08 20:01:42');
INSERT INTO `event_id` (`id`, `user_id`, `point_id`, `status_id`, `requested_at`, `confirmed_at`) VALUES (23, 23, 23, 0, '2019-08-20 15:45:11', '2016-09-15 21:26:15');
INSERT INTO `event_id` (`id`, `user_id`, `point_id`, `status_id`, `requested_at`, `confirmed_at`) VALUES (24, 24, 24, 0, '2014-07-02 04:18:46', '2014-01-18 04:12:32');
INSERT INTO `event_id` (`id`, `user_id`, `point_id`, `status_id`, `requested_at`, `confirmed_at`) VALUES (25, 25, 25, 0, '2019-12-19 11:32:25', '2017-05-25 03:36:52');
INSERT INTO `event_id` (`id`, `user_id`, `point_id`, `status_id`, `requested_at`, `confirmed_at`) VALUES (26, 26, 26, 0, '2016-04-15 12:49:20', '2013-06-30 01:20:24');
INSERT INTO `event_id` (`id`, `user_id`, `point_id`, `status_id`, `requested_at`, `confirmed_at`) VALUES (27, 27, 27, 0, '2020-03-11 02:05:20', '2020-03-02 00:43:26');
INSERT INTO `event_id` (`id`, `user_id`, `point_id`, `status_id`, `requested_at`, `confirmed_at`) VALUES (28, 28, 28, 0, '2018-10-20 13:02:05', '2015-09-19 11:05:08');
INSERT INTO `event_id` (`id`, `user_id`, `point_id`, `status_id`, `requested_at`, `confirmed_at`) VALUES (29, 29, 29, 0, '2011-06-07 21:23:17', '2015-08-08 02:27:58');
INSERT INTO `event_id` (`id`, `user_id`, `point_id`, `status_id`, `requested_at`, `confirmed_at`) VALUES (30, 30, 30, 0, '2015-01-16 23:50:42', '2010-06-22 23:00:38');
INSERT INTO `event_id` (`id`, `user_id`, `point_id`, `status_id`, `requested_at`, `confirmed_at`) VALUES (31, 31, 31, 0, '2014-04-05 15:11:43', '2013-05-21 05:21:53');
INSERT INTO `event_id` (`id`, `user_id`, `point_id`, `status_id`, `requested_at`, `confirmed_at`) VALUES (32, 32, 32, 0, '2010-11-23 11:11:49', '2010-08-03 05:14:08');
INSERT INTO `event_id` (`id`, `user_id`, `point_id`, `status_id`, `requested_at`, `confirmed_at`) VALUES (33, 33, 33, 0, '2012-02-08 19:19:41', '2011-06-02 04:00:19');
INSERT INTO `event_id` (`id`, `user_id`, `point_id`, `status_id`, `requested_at`, `confirmed_at`) VALUES (34, 34, 34, 0, '2017-04-17 18:23:14', '2018-10-02 13:09:01');
INSERT INTO `event_id` (`id`, `user_id`, `point_id`, `status_id`, `requested_at`, `confirmed_at`) VALUES (35, 35, 35, 0, '2019-06-30 08:26:56', '2010-09-13 14:02:47');
INSERT INTO `event_id` (`id`, `user_id`, `point_id`, `status_id`, `requested_at`, `confirmed_at`) VALUES (36, 36, 36, 0, '2011-12-23 18:45:03', '2016-12-07 13:16:06');
INSERT INTO `event_id` (`id`, `user_id`, `point_id`, `status_id`, `requested_at`, `confirmed_at`) VALUES (37, 37, 37, 0, '2013-08-20 14:29:43', '2016-03-24 17:06:57');
INSERT INTO `event_id` (`id`, `user_id`, `point_id`, `status_id`, `requested_at`, `confirmed_at`) VALUES (38, 38, 38, 0, '2013-06-18 04:37:05', '2020-04-10 10:25:33');
INSERT INTO `event_id` (`id`, `user_id`, `point_id`, `status_id`, `requested_at`, `confirmed_at`) VALUES (39, 39, 39, 0, '2019-03-10 15:19:34', '2013-01-16 10:50:44');
INSERT INTO `event_id` (`id`, `user_id`, `point_id`, `status_id`, `requested_at`, `confirmed_at`) VALUES (40, 40, 40, 0, '2017-01-25 19:19:06', '2014-03-17 03:10:25');
INSERT INTO `event_id` (`id`, `user_id`, `point_id`, `status_id`, `requested_at`, `confirmed_at`) VALUES (41, 41, 41, 0, '2012-06-28 23:50:28', '2016-06-19 12:43:20');
INSERT INTO `event_id` (`id`, `user_id`, `point_id`, `status_id`, `requested_at`, `confirmed_at`) VALUES (42, 42, 42, 0, '2019-12-14 16:50:43', '2012-04-05 06:06:42');
INSERT INTO `event_id` (`id`, `user_id`, `point_id`, `status_id`, `requested_at`, `confirmed_at`) VALUES (43, 43, 43, 0, '2020-02-29 23:46:19', '2015-08-02 06:54:01');
INSERT INTO `event_id` (`id`, `user_id`, `point_id`, `status_id`, `requested_at`, `confirmed_at`) VALUES (44, 44, 44, 0, '2017-11-19 14:34:17', '2019-09-04 11:37:08');
INSERT INTO `event_id` (`id`, `user_id`, `point_id`, `status_id`, `requested_at`, `confirmed_at`) VALUES (45, 45, 45, 0, '2017-09-04 11:26:30', '2013-02-07 05:19:36');
INSERT INTO `event_id` (`id`, `user_id`, `point_id`, `status_id`, `requested_at`, `confirmed_at`) VALUES (46, 46, 46, 0, '2013-11-10 11:28:49', '2013-07-02 03:26:38');
INSERT INTO `event_id` (`id`, `user_id`, `point_id`, `status_id`, `requested_at`, `confirmed_at`) VALUES (47, 47, 47, 0, '2018-12-05 06:57:39', '2017-10-27 15:13:39');
INSERT INTO `event_id` (`id`, `user_id`, `point_id`, `status_id`, `requested_at`, `confirmed_at`) VALUES (48, 48, 48, 0, '2014-11-30 04:56:10', '2013-09-03 20:37:58');
INSERT INTO `event_id` (`id`, `user_id`, `point_id`, `status_id`, `requested_at`, `confirmed_at`) VALUES (49, 49, 49, 0, '2011-08-16 09:14:34', '2011-11-21 22:50:56');
INSERT INTO `event_id` (`id`, `user_id`, `point_id`, `status_id`, `requested_at`, `confirmed_at`) VALUES (50, 50, 50, 0, '2015-07-24 16:40:30', '2013-03-02 18:25:45');
INSERT INTO `event_id` (`id`, `user_id`, `point_id`, `status_id`, `requested_at`, `confirmed_at`) VALUES (51, 51, 51, 0, '2011-08-11 03:28:40', '2018-04-05 07:37:07');
INSERT INTO `event_id` (`id`, `user_id`, `point_id`, `status_id`, `requested_at`, `confirmed_at`) VALUES (52, 52, 52, 0, '2015-09-07 03:42:08', '2018-11-21 08:50:36');
INSERT INTO `event_id` (`id`, `user_id`, `point_id`, `status_id`, `requested_at`, `confirmed_at`) VALUES (53, 53, 53, 0, '2011-04-25 13:06:27', '2012-01-28 04:00:15');
INSERT INTO `event_id` (`id`, `user_id`, `point_id`, `status_id`, `requested_at`, `confirmed_at`) VALUES (54, 54, 54, 0, '2011-05-01 04:08:45', '2017-11-17 13:26:04');
INSERT INTO `event_id` (`id`, `user_id`, `point_id`, `status_id`, `requested_at`, `confirmed_at`) VALUES (55, 55, 55, 0, '2013-08-10 20:44:46', '2019-11-16 00:46:26');
INSERT INTO `event_id` (`id`, `user_id`, `point_id`, `status_id`, `requested_at`, `confirmed_at`) VALUES (56, 56, 56, 0, '2015-01-07 17:38:18', '2011-07-04 12:57:46');
INSERT INTO `event_id` (`id`, `user_id`, `point_id`, `status_id`, `requested_at`, `confirmed_at`) VALUES (57, 57, 57, 0, '2019-04-07 09:41:10', '2019-02-28 08:43:11');
INSERT INTO `event_id` (`id`, `user_id`, `point_id`, `status_id`, `requested_at`, `confirmed_at`) VALUES (58, 58, 58, 0, '2015-05-19 06:49:12', '2020-03-09 05:27:22');
INSERT INTO `event_id` (`id`, `user_id`, `point_id`, `status_id`, `requested_at`, `confirmed_at`) VALUES (59, 59, 59, 0, '2018-03-15 05:25:58', '2012-07-27 15:44:52');
INSERT INTO `event_id` (`id`, `user_id`, `point_id`, `status_id`, `requested_at`, `confirmed_at`) VALUES (60, 60, 60, 0, '2018-09-08 07:32:59', '2016-02-01 18:20:56');
INSERT INTO `event_id` (`id`, `user_id`, `point_id`, `status_id`, `requested_at`, `confirmed_at`) VALUES (61, 61, 61, 0, '2016-05-01 17:32:02', '2018-03-21 11:28:16');
INSERT INTO `event_id` (`id`, `user_id`, `point_id`, `status_id`, `requested_at`, `confirmed_at`) VALUES (62, 62, 62, 0, '2014-08-03 01:19:35', '2016-12-07 00:08:53');
INSERT INTO `event_id` (`id`, `user_id`, `point_id`, `status_id`, `requested_at`, `confirmed_at`) VALUES (63, 63, 63, 0, '2017-05-29 01:18:36', '2010-12-27 13:15:27');
INSERT INTO `event_id` (`id`, `user_id`, `point_id`, `status_id`, `requested_at`, `confirmed_at`) VALUES (64, 64, 64, 0, '2012-01-31 14:04:59', '2018-05-07 00:35:37');
INSERT INTO `event_id` (`id`, `user_id`, `point_id`, `status_id`, `requested_at`, `confirmed_at`) VALUES (65, 65, 65, 0, '2014-08-22 16:13:32', '2011-10-29 09:32:11');
INSERT INTO `event_id` (`id`, `user_id`, `point_id`, `status_id`, `requested_at`, `confirmed_at`) VALUES (66, 66, 66, 0, '2017-08-01 21:01:11', '2016-06-01 13:30:13');
INSERT INTO `event_id` (`id`, `user_id`, `point_id`, `status_id`, `requested_at`, `confirmed_at`) VALUES (67, 67, 67, 0, '2013-02-21 21:30:38', '2014-10-26 00:20:58');
INSERT INTO `event_id` (`id`, `user_id`, `point_id`, `status_id`, `requested_at`, `confirmed_at`) VALUES (68, 68, 68, 0, '2017-05-01 04:28:53', '2020-03-05 05:59:33');
INSERT INTO `event_id` (`id`, `user_id`, `point_id`, `status_id`, `requested_at`, `confirmed_at`) VALUES (69, 69, 69, 0, '2018-05-07 15:34:12', '2019-01-06 09:20:09');
INSERT INTO `event_id` (`id`, `user_id`, `point_id`, `status_id`, `requested_at`, `confirmed_at`) VALUES (70, 70, 70, 0, '2010-09-09 03:29:02', '2011-07-27 15:28:53');
INSERT INTO `event_id` (`id`, `user_id`, `point_id`, `status_id`, `requested_at`, `confirmed_at`) VALUES (71, 71, 71, 0, '2020-05-25 05:38:14', '2010-08-27 23:57:00');
INSERT INTO `event_id` (`id`, `user_id`, `point_id`, `status_id`, `requested_at`, `confirmed_at`) VALUES (72, 72, 72, 0, '2020-05-15 13:35:48', '2016-06-24 15:15:24');
INSERT INTO `event_id` (`id`, `user_id`, `point_id`, `status_id`, `requested_at`, `confirmed_at`) VALUES (73, 73, 73, 0, '2018-02-12 11:53:36', '2010-08-06 23:36:21');
INSERT INTO `event_id` (`id`, `user_id`, `point_id`, `status_id`, `requested_at`, `confirmed_at`) VALUES (74, 74, 74, 0, '2010-11-14 01:21:33', '2012-06-29 21:25:55');
INSERT INTO `event_id` (`id`, `user_id`, `point_id`, `status_id`, `requested_at`, `confirmed_at`) VALUES (75, 75, 75, 0, '2015-06-10 12:47:49', '2018-09-06 01:02:31');
INSERT INTO `event_id` (`id`, `user_id`, `point_id`, `status_id`, `requested_at`, `confirmed_at`) VALUES (76, 76, 76, 0, '2017-10-14 17:42:23', '2015-09-02 01:31:45');
INSERT INTO `event_id` (`id`, `user_id`, `point_id`, `status_id`, `requested_at`, `confirmed_at`) VALUES (77, 77, 77, 0, '2014-11-18 07:01:49', '2014-09-11 10:00:20');
INSERT INTO `event_id` (`id`, `user_id`, `point_id`, `status_id`, `requested_at`, `confirmed_at`) VALUES (78, 78, 78, 0, '2014-10-29 09:00:37', '2011-10-24 22:58:12');
INSERT INTO `event_id` (`id`, `user_id`, `point_id`, `status_id`, `requested_at`, `confirmed_at`) VALUES (79, 79, 79, 0, '2013-09-24 23:40:42', '2019-11-23 19:51:57');
INSERT INTO `event_id` (`id`, `user_id`, `point_id`, `status_id`, `requested_at`, `confirmed_at`) VALUES (80, 80, 80, 0, '2013-05-16 01:19:14', '2012-04-28 01:39:18');
INSERT INTO `event_id` (`id`, `user_id`, `point_id`, `status_id`, `requested_at`, `confirmed_at`) VALUES (81, 81, 81, 0, '2018-04-06 14:41:42', '2011-01-08 18:36:40');
INSERT INTO `event_id` (`id`, `user_id`, `point_id`, `status_id`, `requested_at`, `confirmed_at`) VALUES (82, 82, 82, 0, '2019-02-17 16:18:34', '2013-04-22 14:27:26');
INSERT INTO `event_id` (`id`, `user_id`, `point_id`, `status_id`, `requested_at`, `confirmed_at`) VALUES (83, 83, 83, 0, '2014-10-15 16:22:03', '2017-01-08 05:38:09');
INSERT INTO `event_id` (`id`, `user_id`, `point_id`, `status_id`, `requested_at`, `confirmed_at`) VALUES (84, 84, 84, 0, '2012-02-03 17:27:07', '2012-08-29 14:33:13');
INSERT INTO `event_id` (`id`, `user_id`, `point_id`, `status_id`, `requested_at`, `confirmed_at`) VALUES (85, 85, 85, 0, '2013-11-04 01:45:49', '2019-10-28 00:40:04');
INSERT INTO `event_id` (`id`, `user_id`, `point_id`, `status_id`, `requested_at`, `confirmed_at`) VALUES (86, 86, 86, 0, '2010-10-30 11:45:57', '2019-01-26 12:10:06');
INSERT INTO `event_id` (`id`, `user_id`, `point_id`, `status_id`, `requested_at`, `confirmed_at`) VALUES (87, 87, 87, 0, '2012-12-24 13:00:43', '2016-09-27 19:51:05');
INSERT INTO `event_id` (`id`, `user_id`, `point_id`, `status_id`, `requested_at`, `confirmed_at`) VALUES (88, 88, 88, 0, '2015-03-26 10:13:29', '2020-04-26 06:31:39');
INSERT INTO `event_id` (`id`, `user_id`, `point_id`, `status_id`, `requested_at`, `confirmed_at`) VALUES (89, 89, 89, 0, '2017-12-01 16:42:40', '2014-04-11 10:51:13');
INSERT INTO `event_id` (`id`, `user_id`, `point_id`, `status_id`, `requested_at`, `confirmed_at`) VALUES (90, 90, 90, 0, '2018-03-09 23:28:46', '2017-03-03 14:56:32');
INSERT INTO `event_id` (`id`, `user_id`, `point_id`, `status_id`, `requested_at`, `confirmed_at`) VALUES (91, 91, 91, 0, '2012-07-11 16:37:06', '2013-11-24 10:28:19');
INSERT INTO `event_id` (`id`, `user_id`, `point_id`, `status_id`, `requested_at`, `confirmed_at`) VALUES (92, 92, 92, 0, '2012-03-31 13:52:59', '2016-09-18 08:22:17');
INSERT INTO `event_id` (`id`, `user_id`, `point_id`, `status_id`, `requested_at`, `confirmed_at`) VALUES (93, 93, 93, 0, '2018-09-17 02:25:53', '2019-10-10 13:31:21');
INSERT INTO `event_id` (`id`, `user_id`, `point_id`, `status_id`, `requested_at`, `confirmed_at`) VALUES (94, 94, 94, 0, '2017-04-08 07:38:46', '2014-07-14 22:04:19');
INSERT INTO `event_id` (`id`, `user_id`, `point_id`, `status_id`, `requested_at`, `confirmed_at`) VALUES (95, 95, 95, 0, '2013-10-04 17:29:42', '2017-08-31 03:50:52');
INSERT INTO `event_id` (`id`, `user_id`, `point_id`, `status_id`, `requested_at`, `confirmed_at`) VALUES (96, 96, 96, 0, '2019-10-28 23:00:56', '2018-04-12 04:41:38');
INSERT INTO `event_id` (`id`, `user_id`, `point_id`, `status_id`, `requested_at`, `confirmed_at`) VALUES (97, 97, 97, 0, '2019-09-24 07:06:27', '2012-04-29 03:07:03');
INSERT INTO `event_id` (`id`, `user_id`, `point_id`, `status_id`, `requested_at`, `confirmed_at`) VALUES (98, 98, 98, 0, '2019-01-21 20:49:52', '2016-05-16 08:49:13');
INSERT INTO `event_id` (`id`, `user_id`, `point_id`, `status_id`, `requested_at`, `confirmed_at`) VALUES (99, 99, 99, 0, '2017-06-26 10:12:06', '2014-08-20 10:50:39');
INSERT INTO `event_id` (`id`, `user_id`, `point_id`, `status_id`, `requested_at`, `confirmed_at`) VALUES (100, 100, 100, 0, '2011-09-19 16:57:16', '2011-12-15 11:01:06');


#
# TABLE STRUCTURE FOR: event_participant
#

DROP TABLE IF EXISTS `event_participant`;

CREATE TABLE `event_participant` (
  `event_id` int(10) unsigned NOT NULL,
  `user_id` int(10) unsigned NOT NULL,
  `status_participant_id` int(10) unsigned NOT NULL,
  `requested_at` datetime DEFAULT current_timestamp(),
  `confirmed_at` datetime DEFAULT NULL,
  PRIMARY KEY (`event_id`,`user_id`)
) ENGINE=InnoDB DEFAULT CHARSET=utf8 COLLATE=utf8_unicode_ci;

INSERT INTO `event_participant` (`event_id`, `user_id`, `status_participant_id`, `requested_at`, `confirmed_at`) VALUES (0, 1, 0, '2019-04-25 00:21:13', '2014-01-29 08:45:03');
INSERT INTO `event_participant` (`event_id`, `user_id`, `status_participant_id`, `requested_at`, `confirmed_at`) VALUES (0, 2, 0, '2012-06-10 23:59:22', '1972-02-13 21:57:12');
INSERT INTO `event_participant` (`event_id`, `user_id`, `status_participant_id`, `requested_at`, `confirmed_at`) VALUES (0, 3, 0, '1979-01-11 19:55:03', '1982-12-25 04:01:35');
INSERT INTO `event_participant` (`event_id`, `user_id`, `status_participant_id`, `requested_at`, `confirmed_at`) VALUES (0, 4, 0, '1998-03-29 08:25:20', '2018-12-01 19:06:21');
INSERT INTO `event_participant` (`event_id`, `user_id`, `status_participant_id`, `requested_at`, `confirmed_at`) VALUES (0, 5, 0, '2019-04-14 16:19:53', '1978-01-02 18:46:25');
INSERT INTO `event_participant` (`event_id`, `user_id`, `status_participant_id`, `requested_at`, `confirmed_at`) VALUES (0, 6, 0, '1980-11-13 02:20:48', '1978-10-21 12:21:30');
INSERT INTO `event_participant` (`event_id`, `user_id`, `status_participant_id`, `requested_at`, `confirmed_at`) VALUES (0, 7, 0, '1978-01-29 08:20:16', '1982-09-08 21:30:39');
INSERT INTO `event_participant` (`event_id`, `user_id`, `status_participant_id`, `requested_at`, `confirmed_at`) VALUES (0, 8, 0, '1973-04-12 04:17:53', '2009-07-18 04:04:46');
INSERT INTO `event_participant` (`event_id`, `user_id`, `status_participant_id`, `requested_at`, `confirmed_at`) VALUES (0, 9, 0, '2011-06-04 11:00:57', '1992-04-30 15:59:34');
INSERT INTO `event_participant` (`event_id`, `user_id`, `status_participant_id`, `requested_at`, `confirmed_at`) VALUES (0, 10, 0, '2005-04-05 06:45:39', '2003-01-11 00:08:48');
INSERT INTO `event_participant` (`event_id`, `user_id`, `status_participant_id`, `requested_at`, `confirmed_at`) VALUES (0, 11, 0, '1984-10-15 14:22:26', '2005-11-03 15:15:33');
INSERT INTO `event_participant` (`event_id`, `user_id`, `status_participant_id`, `requested_at`, `confirmed_at`) VALUES (0, 12, 0, '1983-06-17 13:31:19', '1990-10-20 08:41:29');
INSERT INTO `event_participant` (`event_id`, `user_id`, `status_participant_id`, `requested_at`, `confirmed_at`) VALUES (0, 13, 0, '1988-11-03 14:31:44', '1994-11-16 05:01:16');
INSERT INTO `event_participant` (`event_id`, `user_id`, `status_participant_id`, `requested_at`, `confirmed_at`) VALUES (0, 14, 0, '1988-02-22 08:12:04', '2001-08-28 14:14:47');
INSERT INTO `event_participant` (`event_id`, `user_id`, `status_participant_id`, `requested_at`, `confirmed_at`) VALUES (0, 15, 0, '1987-11-05 09:55:01', '1983-02-11 21:51:36');
INSERT INTO `event_participant` (`event_id`, `user_id`, `status_participant_id`, `requested_at`, `confirmed_at`) VALUES (0, 16, 0, '1984-05-02 22:15:31', '1995-07-25 02:16:05');
INSERT INTO `event_participant` (`event_id`, `user_id`, `status_participant_id`, `requested_at`, `confirmed_at`) VALUES (0, 17, 0, '1980-08-10 08:52:41', '2002-11-11 08:45:28');
INSERT INTO `event_participant` (`event_id`, `user_id`, `status_participant_id`, `requested_at`, `confirmed_at`) VALUES (0, 18, 0, '1990-01-22 17:14:00', '1993-11-29 13:38:20');
INSERT INTO `event_participant` (`event_id`, `user_id`, `status_participant_id`, `requested_at`, `confirmed_at`) VALUES (0, 19, 0, '1983-04-01 02:37:38', '2019-06-19 18:11:20');
INSERT INTO `event_participant` (`event_id`, `user_id`, `status_participant_id`, `requested_at`, `confirmed_at`) VALUES (0, 20, 0, '1988-11-06 21:32:24', '1997-10-14 23:43:02');
INSERT INTO `event_participant` (`event_id`, `user_id`, `status_participant_id`, `requested_at`, `confirmed_at`) VALUES (0, 21, 0, '1984-01-24 13:46:21', '1997-05-27 15:45:38');
INSERT INTO `event_participant` (`event_id`, `user_id`, `status_participant_id`, `requested_at`, `confirmed_at`) VALUES (0, 22, 0, '1982-07-05 14:13:33', '2019-09-23 07:14:51');
INSERT INTO `event_participant` (`event_id`, `user_id`, `status_participant_id`, `requested_at`, `confirmed_at`) VALUES (0, 23, 0, '2016-06-25 11:30:17', '2015-07-03 03:49:00');
INSERT INTO `event_participant` (`event_id`, `user_id`, `status_participant_id`, `requested_at`, `confirmed_at`) VALUES (0, 24, 0, '1999-09-08 09:02:16', '2010-06-16 18:01:25');
INSERT INTO `event_participant` (`event_id`, `user_id`, `status_participant_id`, `requested_at`, `confirmed_at`) VALUES (0, 25, 0, '2000-09-05 12:29:02', '2002-09-26 02:10:35');
INSERT INTO `event_participant` (`event_id`, `user_id`, `status_participant_id`, `requested_at`, `confirmed_at`) VALUES (0, 26, 0, '2008-10-22 16:41:40', '1971-03-22 06:06:50');
INSERT INTO `event_participant` (`event_id`, `user_id`, `status_participant_id`, `requested_at`, `confirmed_at`) VALUES (0, 27, 0, '1982-06-21 15:20:47', '2013-08-28 05:47:47');
INSERT INTO `event_participant` (`event_id`, `user_id`, `status_participant_id`, `requested_at`, `confirmed_at`) VALUES (0, 28, 0, '1977-06-14 17:00:55', '1984-03-13 11:20:05');
INSERT INTO `event_participant` (`event_id`, `user_id`, `status_participant_id`, `requested_at`, `confirmed_at`) VALUES (0, 29, 0, '2011-11-08 10:26:42', '1979-06-13 08:54:36');
INSERT INTO `event_participant` (`event_id`, `user_id`, `status_participant_id`, `requested_at`, `confirmed_at`) VALUES (0, 30, 0, '2012-09-29 20:17:18', '1995-09-15 16:40:41');
INSERT INTO `event_participant` (`event_id`, `user_id`, `status_participant_id`, `requested_at`, `confirmed_at`) VALUES (0, 31, 0, '1994-04-18 11:25:47', '2008-02-02 04:06:43');
INSERT INTO `event_participant` (`event_id`, `user_id`, `status_participant_id`, `requested_at`, `confirmed_at`) VALUES (0, 32, 0, '1992-08-18 15:08:28', '2001-10-12 08:04:02');
INSERT INTO `event_participant` (`event_id`, `user_id`, `status_participant_id`, `requested_at`, `confirmed_at`) VALUES (0, 33, 0, '1973-02-05 09:46:57', '1990-09-26 06:12:56');
INSERT INTO `event_participant` (`event_id`, `user_id`, `status_participant_id`, `requested_at`, `confirmed_at`) VALUES (0, 34, 0, '2017-11-07 06:48:08', '2007-09-06 22:27:23');
INSERT INTO `event_participant` (`event_id`, `user_id`, `status_participant_id`, `requested_at`, `confirmed_at`) VALUES (0, 35, 0, '2018-08-25 02:04:00', '1979-12-23 17:23:42');
INSERT INTO `event_participant` (`event_id`, `user_id`, `status_participant_id`, `requested_at`, `confirmed_at`) VALUES (0, 36, 0, '1970-01-04 06:35:23', '1972-11-10 16:27:05');
INSERT INTO `event_participant` (`event_id`, `user_id`, `status_participant_id`, `requested_at`, `confirmed_at`) VALUES (0, 37, 0, '1979-05-04 18:33:21', '2004-06-06 13:15:31');
INSERT INTO `event_participant` (`event_id`, `user_id`, `status_participant_id`, `requested_at`, `confirmed_at`) VALUES (0, 38, 0, '1978-06-19 19:08:25', '2013-02-14 10:00:43');
INSERT INTO `event_participant` (`event_id`, `user_id`, `status_participant_id`, `requested_at`, `confirmed_at`) VALUES (0, 39, 0, '1983-05-14 09:06:40', '2017-07-24 04:06:03');
INSERT INTO `event_participant` (`event_id`, `user_id`, `status_participant_id`, `requested_at`, `confirmed_at`) VALUES (0, 40, 0, '1998-06-29 04:52:17', '1988-06-22 19:07:33');
INSERT INTO `event_participant` (`event_id`, `user_id`, `status_participant_id`, `requested_at`, `confirmed_at`) VALUES (0, 41, 0, '1982-04-16 11:02:59', '1970-01-01 07:10:09');
INSERT INTO `event_participant` (`event_id`, `user_id`, `status_participant_id`, `requested_at`, `confirmed_at`) VALUES (0, 42, 0, '1994-10-25 23:30:52', '2005-07-21 11:49:13');
INSERT INTO `event_participant` (`event_id`, `user_id`, `status_participant_id`, `requested_at`, `confirmed_at`) VALUES (0, 43, 0, '1980-05-18 04:20:40', '2000-03-30 21:13:22');
INSERT INTO `event_participant` (`event_id`, `user_id`, `status_participant_id`, `requested_at`, `confirmed_at`) VALUES (0, 44, 0, '2005-11-01 21:05:06', '1984-03-19 23:44:11');
INSERT INTO `event_participant` (`event_id`, `user_id`, `status_participant_id`, `requested_at`, `confirmed_at`) VALUES (0, 45, 0, '2013-03-22 05:27:01', '1981-10-26 19:13:27');
INSERT INTO `event_participant` (`event_id`, `user_id`, `status_participant_id`, `requested_at`, `confirmed_at`) VALUES (0, 46, 0, '1973-09-10 19:38:33', '2012-03-05 03:52:04');
INSERT INTO `event_participant` (`event_id`, `user_id`, `status_participant_id`, `requested_at`, `confirmed_at`) VALUES (0, 47, 0, '2008-01-31 06:36:41', '2000-03-22 11:41:00');
INSERT INTO `event_participant` (`event_id`, `user_id`, `status_participant_id`, `requested_at`, `confirmed_at`) VALUES (0, 48, 0, '2018-09-23 10:05:57', '1971-08-03 10:34:25');
INSERT INTO `event_participant` (`event_id`, `user_id`, `status_participant_id`, `requested_at`, `confirmed_at`) VALUES (0, 49, 0, '1976-05-05 04:22:47', '2014-10-27 17:47:18');
INSERT INTO `event_participant` (`event_id`, `user_id`, `status_participant_id`, `requested_at`, `confirmed_at`) VALUES (0, 50, 0, '2003-05-06 18:49:37', '1977-08-16 20:51:56');
INSERT INTO `event_participant` (`event_id`, `user_id`, `status_participant_id`, `requested_at`, `confirmed_at`) VALUES (0, 51, 0, '1980-06-15 04:08:06', '1972-08-26 01:56:48');
INSERT INTO `event_participant` (`event_id`, `user_id`, `status_participant_id`, `requested_at`, `confirmed_at`) VALUES (0, 52, 0, '1981-09-06 09:37:35', '1988-05-19 11:09:07');
INSERT INTO `event_participant` (`event_id`, `user_id`, `status_participant_id`, `requested_at`, `confirmed_at`) VALUES (0, 53, 0, '2000-04-13 12:33:51', '1984-07-21 16:12:48');
INSERT INTO `event_participant` (`event_id`, `user_id`, `status_participant_id`, `requested_at`, `confirmed_at`) VALUES (0, 54, 0, '1987-11-15 04:59:39', '2010-01-17 02:41:20');
INSERT INTO `event_participant` (`event_id`, `user_id`, `status_participant_id`, `requested_at`, `confirmed_at`) VALUES (0, 55, 0, '1973-03-23 00:25:32', '1981-10-21 23:11:57');
INSERT INTO `event_participant` (`event_id`, `user_id`, `status_participant_id`, `requested_at`, `confirmed_at`) VALUES (0, 56, 0, '2012-06-28 18:36:52', '2018-03-24 12:34:57');
INSERT INTO `event_participant` (`event_id`, `user_id`, `status_participant_id`, `requested_at`, `confirmed_at`) VALUES (0, 57, 0, '1992-02-22 17:08:21', '2004-04-15 10:50:59');
INSERT INTO `event_participant` (`event_id`, `user_id`, `status_participant_id`, `requested_at`, `confirmed_at`) VALUES (0, 58, 0, '1995-05-17 00:16:48', '1991-03-28 14:32:58');
INSERT INTO `event_participant` (`event_id`, `user_id`, `status_participant_id`, `requested_at`, `confirmed_at`) VALUES (0, 59, 0, '2010-09-13 05:28:48', '2009-12-14 18:40:11');
INSERT INTO `event_participant` (`event_id`, `user_id`, `status_participant_id`, `requested_at`, `confirmed_at`) VALUES (0, 60, 0, '2015-10-02 06:08:52', '2016-01-11 00:52:34');
INSERT INTO `event_participant` (`event_id`, `user_id`, `status_participant_id`, `requested_at`, `confirmed_at`) VALUES (0, 61, 0, '1999-11-13 02:59:01', '1999-10-11 16:51:31');
INSERT INTO `event_participant` (`event_id`, `user_id`, `status_participant_id`, `requested_at`, `confirmed_at`) VALUES (0, 62, 0, '1994-01-30 04:37:54', '1984-09-30 14:55:11');
INSERT INTO `event_participant` (`event_id`, `user_id`, `status_participant_id`, `requested_at`, `confirmed_at`) VALUES (0, 63, 0, '1996-01-07 19:50:31', '2017-08-06 13:56:40');
INSERT INTO `event_participant` (`event_id`, `user_id`, `status_participant_id`, `requested_at`, `confirmed_at`) VALUES (0, 64, 0, '1983-08-10 12:45:11', '2010-05-29 01:54:15');
INSERT INTO `event_participant` (`event_id`, `user_id`, `status_participant_id`, `requested_at`, `confirmed_at`) VALUES (0, 65, 0, '1980-07-20 11:57:53', '2014-09-04 10:06:38');
INSERT INTO `event_participant` (`event_id`, `user_id`, `status_participant_id`, `requested_at`, `confirmed_at`) VALUES (0, 66, 0, '1974-05-28 04:15:31', '1983-10-19 00:39:43');
INSERT INTO `event_participant` (`event_id`, `user_id`, `status_participant_id`, `requested_at`, `confirmed_at`) VALUES (0, 67, 0, '1978-08-22 20:37:49', '2017-12-17 22:19:59');
INSERT INTO `event_participant` (`event_id`, `user_id`, `status_participant_id`, `requested_at`, `confirmed_at`) VALUES (0, 68, 0, '2000-04-17 15:29:44', '2013-06-11 21:57:40');
INSERT INTO `event_participant` (`event_id`, `user_id`, `status_participant_id`, `requested_at`, `confirmed_at`) VALUES (0, 69, 0, '1976-08-02 18:56:11', '1999-04-23 12:51:24');
INSERT INTO `event_participant` (`event_id`, `user_id`, `status_participant_id`, `requested_at`, `confirmed_at`) VALUES (0, 70, 0, '1970-05-30 01:11:06', '1975-12-28 20:49:59');
INSERT INTO `event_participant` (`event_id`, `user_id`, `status_participant_id`, `requested_at`, `confirmed_at`) VALUES (0, 71, 0, '1975-07-31 23:17:01', '1972-04-01 23:00:41');
INSERT INTO `event_participant` (`event_id`, `user_id`, `status_participant_id`, `requested_at`, `confirmed_at`) VALUES (0, 72, 0, '2008-09-03 04:16:43', '1994-02-26 17:37:06');
INSERT INTO `event_participant` (`event_id`, `user_id`, `status_participant_id`, `requested_at`, `confirmed_at`) VALUES (0, 73, 0, '2007-10-10 15:53:32', '1973-03-24 13:22:10');
INSERT INTO `event_participant` (`event_id`, `user_id`, `status_participant_id`, `requested_at`, `confirmed_at`) VALUES (0, 74, 0, '1997-03-29 16:04:02', '1999-04-13 17:16:50');
INSERT INTO `event_participant` (`event_id`, `user_id`, `status_participant_id`, `requested_at`, `confirmed_at`) VALUES (0, 75, 0, '1988-02-13 03:27:31', '1997-06-05 15:54:30');
INSERT INTO `event_participant` (`event_id`, `user_id`, `status_participant_id`, `requested_at`, `confirmed_at`) VALUES (0, 76, 0, '1981-10-18 06:28:40', '1989-07-19 11:27:51');
INSERT INTO `event_participant` (`event_id`, `user_id`, `status_participant_id`, `requested_at`, `confirmed_at`) VALUES (0, 77, 0, '2005-01-29 06:49:10', '1995-12-06 06:52:24');
INSERT INTO `event_participant` (`event_id`, `user_id`, `status_participant_id`, `requested_at`, `confirmed_at`) VALUES (0, 78, 0, '2012-07-15 21:44:05', '1993-08-29 07:46:32');
INSERT INTO `event_participant` (`event_id`, `user_id`, `status_participant_id`, `requested_at`, `confirmed_at`) VALUES (0, 79, 0, '1985-09-24 09:09:54', '2000-10-24 22:04:12');
INSERT INTO `event_participant` (`event_id`, `user_id`, `status_participant_id`, `requested_at`, `confirmed_at`) VALUES (0, 80, 0, '2007-12-15 22:29:37', '1996-12-03 19:38:56');
INSERT INTO `event_participant` (`event_id`, `user_id`, `status_participant_id`, `requested_at`, `confirmed_at`) VALUES (0, 81, 0, '1980-08-14 22:11:56', '1999-02-21 09:23:47');
INSERT INTO `event_participant` (`event_id`, `user_id`, `status_participant_id`, `requested_at`, `confirmed_at`) VALUES (0, 82, 0, '1988-10-02 12:21:09', '2004-05-20 01:27:16');
INSERT INTO `event_participant` (`event_id`, `user_id`, `status_participant_id`, `requested_at`, `confirmed_at`) VALUES (0, 83, 0, '1997-01-16 23:21:43', '2011-04-16 19:36:03');
INSERT INTO `event_participant` (`event_id`, `user_id`, `status_participant_id`, `requested_at`, `confirmed_at`) VALUES (0, 84, 0, '2017-08-08 02:45:49', '1999-03-27 16:02:15');
INSERT INTO `event_participant` (`event_id`, `user_id`, `status_participant_id`, `requested_at`, `confirmed_at`) VALUES (0, 85, 0, '1971-10-09 16:26:14', '1993-06-03 10:09:58');
INSERT INTO `event_participant` (`event_id`, `user_id`, `status_participant_id`, `requested_at`, `confirmed_at`) VALUES (0, 86, 0, '1973-09-04 14:34:58', '1978-04-16 14:10:28');
INSERT INTO `event_participant` (`event_id`, `user_id`, `status_participant_id`, `requested_at`, `confirmed_at`) VALUES (0, 87, 0, '1980-11-01 12:30:31', '1980-09-12 01:49:42');
INSERT INTO `event_participant` (`event_id`, `user_id`, `status_participant_id`, `requested_at`, `confirmed_at`) VALUES (0, 88, 0, '1984-04-24 19:42:08', '2019-05-28 02:06:50');
INSERT INTO `event_participant` (`event_id`, `user_id`, `status_participant_id`, `requested_at`, `confirmed_at`) VALUES (0, 89, 0, '2007-06-07 06:10:06', '2008-01-05 08:54:28');
INSERT INTO `event_participant` (`event_id`, `user_id`, `status_participant_id`, `requested_at`, `confirmed_at`) VALUES (0, 90, 0, '2005-08-27 19:05:21', '1973-11-08 13:32:05');
INSERT INTO `event_participant` (`event_id`, `user_id`, `status_participant_id`, `requested_at`, `confirmed_at`) VALUES (0, 91, 0, '2002-10-28 05:53:32', '1971-08-03 05:31:36');
INSERT INTO `event_participant` (`event_id`, `user_id`, `status_participant_id`, `requested_at`, `confirmed_at`) VALUES (0, 92, 0, '1999-02-19 23:06:17', '2017-06-28 00:57:32');
INSERT INTO `event_participant` (`event_id`, `user_id`, `status_participant_id`, `requested_at`, `confirmed_at`) VALUES (0, 93, 0, '1993-03-16 22:39:14', '1971-06-23 09:33:04');
INSERT INTO `event_participant` (`event_id`, `user_id`, `status_participant_id`, `requested_at`, `confirmed_at`) VALUES (0, 94, 0, '1976-09-26 22:45:28', '1980-10-22 17:26:44');
INSERT INTO `event_participant` (`event_id`, `user_id`, `status_participant_id`, `requested_at`, `confirmed_at`) VALUES (0, 95, 0, '1985-03-01 12:23:01', '1983-03-18 05:32:40');
INSERT INTO `event_participant` (`event_id`, `user_id`, `status_participant_id`, `requested_at`, `confirmed_at`) VALUES (0, 96, 0, '1983-02-13 09:50:44', '1972-02-11 03:20:36');
INSERT INTO `event_participant` (`event_id`, `user_id`, `status_participant_id`, `requested_at`, `confirmed_at`) VALUES (0, 97, 0, '2005-01-10 09:40:11', '2017-04-04 23:17:25');
INSERT INTO `event_participant` (`event_id`, `user_id`, `status_participant_id`, `requested_at`, `confirmed_at`) VALUES (0, 98, 0, '1999-11-05 06:25:12', '1994-06-19 20:44:44');
INSERT INTO `event_participant` (`event_id`, `user_id`, `status_participant_id`, `requested_at`, `confirmed_at`) VALUES (0, 99, 0, '1972-12-28 22:04:16', '1981-12-08 11:25:34');
INSERT INTO `event_participant` (`event_id`, `user_id`, `status_participant_id`, `requested_at`, `confirmed_at`) VALUES (0, 100, 0, '1987-11-16 09:40:37', '1989-02-22 20:10:04');


#
# TABLE STRUCTURE FOR: gender
#

DROP TABLE IF EXISTS `gender`;

CREATE TABLE `gender` (
  `id` int(10) unsigned NOT NULL,
  `gender` varchar(10) COLLATE utf8_unicode_ci DEFAULT NULL,
  PRIMARY KEY (`id`)
) ENGINE=InnoDB DEFAULT CHARSET=utf8 COLLATE=utf8_unicode_ci;

#
# TABLE STRUCTURE FOR: media
#

DROP TABLE IF EXISTS `media`;

CREATE TABLE `media` (
  `id` int(10) unsigned NOT NULL AUTO_INCREMENT,
  `user_id` int(10) unsigned NOT NULL,
  `filename` varchar(255) COLLATE utf8_unicode_ci NOT NULL,
  `size` int(11) NOT NULL,
  `metadata` longtext CHARACTER SET utf8mb4 COLLATE utf8mb4_bin DEFAULT NULL CHECK (json_valid(`metadata`)),
  `media_type_id` int(10) unsigned NOT NULL,
  `created_at` datetime DEFAULT current_timestamp(),
  `updated_at` datetime DEFAULT current_timestamp() ON UPDATE current_timestamp(),
  PRIMARY KEY (`id`)
) ENGINE=InnoDB DEFAULT CHARSET=utf8 COLLATE=utf8_unicode_ci;

#
# TABLE STRUCTURE FOR: media_types
#

DROP TABLE IF EXISTS `media_types`;

CREATE TABLE `media_types` (
  `id` int(10) unsigned NOT NULL AUTO_INCREMENT,
  `name` varchar(255) COLLATE utf8_unicode_ci NOT NULL,
  PRIMARY KEY (`id`),
  UNIQUE KEY `name` (`name`)
) ENGINE=InnoDB AUTO_INCREMENT=101 DEFAULT CHARSET=utf8 COLLATE=utf8_unicode_ci;

INSERT INTO `media_types` (`id`, `name`) VALUES (71, 'a');
INSERT INTO `media_types` (`id`, `name`) VALUES (57, 'ab');
INSERT INTO `media_types` (`id`, `name`) VALUES (84, 'accusamus');
INSERT INTO `media_types` (`id`, `name`) VALUES (66, 'alias');
INSERT INTO `media_types` (`id`, `name`) VALUES (89, 'amet');
INSERT INTO `media_types` (`id`, `name`) VALUES (41, 'animi');
INSERT INTO `media_types` (`id`, `name`) VALUES (34, 'aperiam');
INSERT INTO `media_types` (`id`, `name`) VALUES (9, 'architecto');
INSERT INTO `media_types` (`id`, `name`) VALUES (25, 'at');
INSERT INTO `media_types` (`id`, `name`) VALUES (100, 'atque');
INSERT INTO `media_types` (`id`, `name`) VALUES (21, 'aut');
INSERT INTO `media_types` (`id`, `name`) VALUES (32, 'autem');
INSERT INTO `media_types` (`id`, `name`) VALUES (54, 'consequatur');
INSERT INTO `media_types` (`id`, `name`) VALUES (97, 'consequuntur');
INSERT INTO `media_types` (`id`, `name`) VALUES (3, 'culpa');
INSERT INTO `media_types` (`id`, `name`) VALUES (68, 'cumque');
INSERT INTO `media_types` (`id`, `name`) VALUES (86, 'deleniti');
INSERT INTO `media_types` (`id`, `name`) VALUES (45, 'deserunt');
INSERT INTO `media_types` (`id`, `name`) VALUES (19, 'dicta');
INSERT INTO `media_types` (`id`, `name`) VALUES (8, 'dignissimos');
INSERT INTO `media_types` (`id`, `name`) VALUES (15, 'dolor');
INSERT INTO `media_types` (`id`, `name`) VALUES (36, 'dolorem');
INSERT INTO `media_types` (`id`, `name`) VALUES (96, 'dolores');
INSERT INTO `media_types` (`id`, `name`) VALUES (61, 'doloribus');
INSERT INTO `media_types` (`id`, `name`) VALUES (29, 'eaque');
INSERT INTO `media_types` (`id`, `name`) VALUES (56, 'enim');
INSERT INTO `media_types` (`id`, `name`) VALUES (90, 'error');
INSERT INTO `media_types` (`id`, `name`) VALUES (4, 'est');
INSERT INTO `media_types` (`id`, `name`) VALUES (7, 'et');
INSERT INTO `media_types` (`id`, `name`) VALUES (2, 'eum');
INSERT INTO `media_types` (`id`, `name`) VALUES (62, 'ex');
INSERT INTO `media_types` (`id`, `name`) VALUES (27, 'exercitationem');
INSERT INTO `media_types` (`id`, `name`) VALUES (55, 'expedita');
INSERT INTO `media_types` (`id`, `name`) VALUES (47, 'facere');
INSERT INTO `media_types` (`id`, `name`) VALUES (12, 'fuga');
INSERT INTO `media_types` (`id`, `name`) VALUES (40, 'fugit');
INSERT INTO `media_types` (`id`, `name`) VALUES (78, 'harum');
INSERT INTO `media_types` (`id`, `name`) VALUES (23, 'id');
INSERT INTO `media_types` (`id`, `name`) VALUES (6, 'illo');
INSERT INTO `media_types` (`id`, `name`) VALUES (11, 'in');
INSERT INTO `media_types` (`id`, `name`) VALUES (5, 'inventore');
INSERT INTO `media_types` (`id`, `name`) VALUES (73, 'ipsa');
INSERT INTO `media_types` (`id`, `name`) VALUES (87, 'ipsam');
INSERT INTO `media_types` (`id`, `name`) VALUES (35, 'iste');
INSERT INTO `media_types` (`id`, `name`) VALUES (37, 'iusto');
INSERT INTO `media_types` (`id`, `name`) VALUES (24, 'labore');
INSERT INTO `media_types` (`id`, `name`) VALUES (85, 'laboriosam');
INSERT INTO `media_types` (`id`, `name`) VALUES (82, 'laborum');
INSERT INTO `media_types` (`id`, `name`) VALUES (60, 'laudantium');
INSERT INTO `media_types` (`id`, `name`) VALUES (52, 'magnam');
INSERT INTO `media_types` (`id`, `name`) VALUES (65, 'minima');
INSERT INTO `media_types` (`id`, `name`) VALUES (16, 'molestiae');
INSERT INTO `media_types` (`id`, `name`) VALUES (80, 'nam');
INSERT INTO `media_types` (`id`, `name`) VALUES (50, 'nihil');
INSERT INTO `media_types` (`id`, `name`) VALUES (72, 'nisi');
INSERT INTO `media_types` (`id`, `name`) VALUES (14, 'nobis');
INSERT INTO `media_types` (`id`, `name`) VALUES (28, 'non');
INSERT INTO `media_types` (`id`, `name`) VALUES (51, 'nulla');
INSERT INTO `media_types` (`id`, `name`) VALUES (64, 'numquam');
INSERT INTO `media_types` (`id`, `name`) VALUES (42, 'occaecati');
INSERT INTO `media_types` (`id`, `name`) VALUES (79, 'odit');
INSERT INTO `media_types` (`id`, `name`) VALUES (99, 'officia');
INSERT INTO `media_types` (`id`, `name`) VALUES (46, 'omnis');
INSERT INTO `media_types` (`id`, `name`) VALUES (44, 'pariatur');
INSERT INTO `media_types` (`id`, `name`) VALUES (33, 'perferendis');
INSERT INTO `media_types` (`id`, `name`) VALUES (31, 'perspiciatis');
INSERT INTO `media_types` (`id`, `name`) VALUES (59, 'possimus');
INSERT INTO `media_types` (`id`, `name`) VALUES (22, 'quam');
INSERT INTO `media_types` (`id`, `name`) VALUES (10, 'quas');
INSERT INTO `media_types` (`id`, `name`) VALUES (43, 'quasi');
INSERT INTO `media_types` (`id`, `name`) VALUES (17, 'qui');
INSERT INTO `media_types` (`id`, `name`) VALUES (63, 'quia');
INSERT INTO `media_types` (`id`, `name`) VALUES (98, 'quis');
INSERT INTO `media_types` (`id`, `name`) VALUES (75, 'quo');
INSERT INTO `media_types` (`id`, `name`) VALUES (38, 'quod');
INSERT INTO `media_types` (`id`, `name`) VALUES (76, 'ratione');
INSERT INTO `media_types` (`id`, `name`) VALUES (74, 'reiciendis');
INSERT INTO `media_types` (`id`, `name`) VALUES (81, 'rem');
INSERT INTO `media_types` (`id`, `name`) VALUES (48, 'repellat');
INSERT INTO `media_types` (`id`, `name`) VALUES (39, 'repellendus');
INSERT INTO `media_types` (`id`, `name`) VALUES (70, 'reprehenderit');
INSERT INTO `media_types` (`id`, `name`) VALUES (58, 'repudiandae');
INSERT INTO `media_types` (`id`, `name`) VALUES (92, 'sed');
INSERT INTO `media_types` (`id`, `name`) VALUES (69, 'sequi');
INSERT INTO `media_types` (`id`, `name`) VALUES (94, 'similique');
INSERT INTO `media_types` (`id`, `name`) VALUES (77, 'sint');
INSERT INTO `media_types` (`id`, `name`) VALUES (91, 'sit');
INSERT INTO `media_types` (`id`, `name`) VALUES (93, 'sunt');
INSERT INTO `media_types` (`id`, `name`) VALUES (53, 'temporibus');
INSERT INTO `media_types` (`id`, `name`) VALUES (83, 'totam');
INSERT INTO `media_types` (`id`, `name`) VALUES (30, 'ut');
INSERT INTO `media_types` (`id`, `name`) VALUES (20, 'velit');
INSERT INTO `media_types` (`id`, `name`) VALUES (95, 'veniam');
INSERT INTO `media_types` (`id`, `name`) VALUES (18, 'vero');
INSERT INTO `media_types` (`id`, `name`) VALUES (88, 'vitae');
INSERT INTO `media_types` (`id`, `name`) VALUES (13, 'voluptas');
INSERT INTO `media_types` (`id`, `name`) VALUES (67, 'voluptatem');
INSERT INTO `media_types` (`id`, `name`) VALUES (26, 'voluptates');
INSERT INTO `media_types` (`id`, `name`) VALUES (49, 'voluptatibus');
INSERT INTO `media_types` (`id`, `name`) VALUES (1, 'voluptatum');


#
# TABLE STRUCTURE FOR: profiles
#

DROP TABLE IF EXISTS `profiles`;

CREATE TABLE `profiles` (
  `user_id` int(10) unsigned NOT NULL,
  `gender` char(1) COLLATE utf8_unicode_ci NOT NULL,
  `birthday` date DEFAULT NULL,
  `city` varchar(130) COLLATE utf8_unicode_ci DEFAULT NULL,
  `education` varchar(130) COLLATE utf8_unicode_ci DEFAULT NULL,
  `post` varchar(130) COLLATE utf8_unicode_ci DEFAULT NULL,
  `created_at` datetime DEFAULT current_timestamp(),
  `updated_at` datetime DEFAULT current_timestamp() ON UPDATE current_timestamp(),
  PRIMARY KEY (`user_id`)
) ENGINE=InnoDB DEFAULT CHARSET=utf8 COLLATE=utf8_unicode_ci;

INSERT INTO `profiles` (`user_id`, `gender`, `birthday`, `city`, `education`, `post`, `created_at`, `updated_at`) VALUES (1, '7', '1978-06-16', 'West Novellabury', 'Libero repellendus consequatur omnis dolorem repellendus dolorem.', 'Rosenbaum Inc', '1989-02-17 15:01:10', '2020-06-07 14:43:20');
INSERT INTO `profiles` (`user_id`, `gender`, `birthday`, `city`, `education`, `post`, `created_at`, `updated_at`) VALUES (2, '6', '2013-05-23', 'Audreychester', 'Veniam dolore eaque rerum alias odit reiciendis.', 'Bradtke-Keeling', '2008-02-10 02:08:59', '2020-06-07 14:43:20');
INSERT INTO `profiles` (`user_id`, `gender`, `birthday`, `city`, `education`, `post`, `created_at`, `updated_at`) VALUES (3, '6', '2007-07-15', 'Corwinland', 'Minus veritatis iste tempore natus labore.', 'Leuschke, Kuvalis and Muller', '2012-12-07 22:48:28', '2020-06-07 14:43:20');
INSERT INTO `profiles` (`user_id`, `gender`, `birthday`, `city`, `education`, `post`, `created_at`, `updated_at`) VALUES (4, '1', '1988-06-29', 'Steuberland', 'Vel rerum tempora cum placeat.', 'Rutherford-Gleason', '2012-03-31 16:46:28', '2020-06-07 14:43:20');
INSERT INTO `profiles` (`user_id`, `gender`, `birthday`, `city`, `education`, `post`, `created_at`, `updated_at`) VALUES (5, '5', '1999-03-17', 'Lake Keith', 'Quos alias voluptatibus rerum enim nam non doloribus.', 'Olson LLC', '1977-05-20 14:51:20', '2020-06-07 14:43:20');
INSERT INTO `profiles` (`user_id`, `gender`, `birthday`, `city`, `education`, `post`, `created_at`, `updated_at`) VALUES (6, '7', '1979-03-29', 'East Jayson', 'Reprehenderit voluptatem earum qui expedita porro quidem.', 'Schulist Ltd', '1979-11-02 02:43:21', '2020-06-07 14:43:20');
INSERT INTO `profiles` (`user_id`, `gender`, `birthday`, `city`, `education`, `post`, `created_at`, `updated_at`) VALUES (7, '1', '2019-08-11', 'North Suzanneborough', 'Consequatur sit ratione molestiae sed sequi.', 'Schamberger LLC', '1982-08-09 23:42:50', '2020-06-07 14:43:20');
INSERT INTO `profiles` (`user_id`, `gender`, `birthday`, `city`, `education`, `post`, `created_at`, `updated_at`) VALUES (8, '4', '2008-01-13', 'New Peterchester', 'Consequatur assumenda in rem dolor amet quaerat.', 'Bernier, Turcotte and Gerlach', '2009-05-20 15:08:08', '2020-06-07 14:43:20');
INSERT INTO `profiles` (`user_id`, `gender`, `birthday`, `city`, `education`, `post`, `created_at`, `updated_at`) VALUES (9, '1', '2010-01-22', 'New Monty', 'Provident ipsum quia perferendis libero in ipsum exercitationem omnis.', 'Lynch Inc', '2001-09-14 01:17:00', '2020-06-07 14:43:20');
INSERT INTO `profiles` (`user_id`, `gender`, `birthday`, `city`, `education`, `post`, `created_at`, `updated_at`) VALUES (10, '2', '2006-05-23', 'New Kristopherstad', 'Quia eos et atque consectetur natus fugit.', 'Johnston, Runte and Zboncak', '1993-04-28 10:30:03', '2020-06-07 14:43:20');
INSERT INTO `profiles` (`user_id`, `gender`, `birthday`, `city`, `education`, `post`, `created_at`, `updated_at`) VALUES (11, '3', '1982-04-29', 'South Scarlettport', 'Deserunt et et quam consectetur temporibus excepturi a.', 'Streich, Weimann and Thiel', '2009-11-16 21:17:15', '2020-06-07 14:43:20');
INSERT INTO `profiles` (`user_id`, `gender`, `birthday`, `city`, `education`, `post`, `created_at`, `updated_at`) VALUES (12, '7', '2016-10-03', 'Lucianoland', 'Voluptatem voluptatem voluptatem pariatur animi et corporis.', 'Hoeger Ltd', '2008-08-08 11:54:20', '2020-06-07 14:43:20');
INSERT INTO `profiles` (`user_id`, `gender`, `birthday`, `city`, `education`, `post`, `created_at`, `updated_at`) VALUES (13, '7', '1987-11-01', 'Xaviershire', 'Ut reprehenderit assumenda cumque.', 'Douglas-Abernathy', '2005-02-06 18:48:42', '2020-06-07 14:43:20');
INSERT INTO `profiles` (`user_id`, `gender`, `birthday`, `city`, `education`, `post`, `created_at`, `updated_at`) VALUES (14, '5', '2013-08-22', 'Reillymouth', 'Possimus voluptatem consectetur ad tempore sed aperiam officiis.', 'Streich Ltd', '2006-07-03 07:21:45', '2020-06-07 14:43:20');
INSERT INTO `profiles` (`user_id`, `gender`, `birthday`, `city`, `education`, `post`, `created_at`, `updated_at`) VALUES (15, '2', '1992-12-10', 'New Shannonview', 'Ut neque quo debitis esse harum perferendis.', 'Brown, Hand and Sauer', '1980-12-23 01:04:13', '2020-06-07 14:43:20');
INSERT INTO `profiles` (`user_id`, `gender`, `birthday`, `city`, `education`, `post`, `created_at`, `updated_at`) VALUES (16, '7', '1978-01-23', 'Kentonborough', 'Consequatur sed facilis omnis cumque.', 'Collins Inc', '2014-11-12 12:56:49', '2020-06-07 14:43:20');
INSERT INTO `profiles` (`user_id`, `gender`, `birthday`, `city`, `education`, `post`, `created_at`, `updated_at`) VALUES (17, '8', '1988-03-19', 'Port Tiffanyfurt', 'Unde sint expedita voluptatum qui provident perferendis aut.', 'Kulas-Rempel', '1978-08-11 00:05:36', '2020-06-07 14:43:20');
INSERT INTO `profiles` (`user_id`, `gender`, `birthday`, `city`, `education`, `post`, `created_at`, `updated_at`) VALUES (18, '6', '1996-04-12', 'New Cloydview', 'Officiis similique magni a consequatur ea quia.', 'Bradtke-Bartell', '2008-03-22 17:08:01', '2020-06-07 14:43:20');
INSERT INTO `profiles` (`user_id`, `gender`, `birthday`, `city`, `education`, `post`, `created_at`, `updated_at`) VALUES (19, '2', '2011-10-18', 'Lillianahaven', 'Saepe sequi minus et porro.', 'Greenholt, Bayer and Champlin', '2018-07-21 04:57:40', '2020-06-07 14:43:20');
INSERT INTO `profiles` (`user_id`, `gender`, `birthday`, `city`, `education`, `post`, `created_at`, `updated_at`) VALUES (20, '5', '1994-11-27', 'Lake Lizaton', 'Vel labore maiores fugit voluptatem atque.', 'Dach Ltd', '1991-11-18 08:42:06', '2020-06-07 14:43:20');
INSERT INTO `profiles` (`user_id`, `gender`, `birthday`, `city`, `education`, `post`, `created_at`, `updated_at`) VALUES (21, '5', '2017-12-02', 'Dickensland', 'Rerum omnis fugiat iste quis optio sit magnam.', 'Conroy Ltd', '1984-04-06 13:17:30', '2020-06-07 14:43:20');
INSERT INTO `profiles` (`user_id`, `gender`, `birthday`, `city`, `education`, `post`, `created_at`, `updated_at`) VALUES (22, '9', '1978-05-01', 'Hegmanntown', 'Quibusdam sequi nulla doloribus et deserunt eius sunt.', 'Farrell PLC', '1990-01-07 14:43:16', '2020-06-07 14:43:20');
INSERT INTO `profiles` (`user_id`, `gender`, `birthday`, `city`, `education`, `post`, `created_at`, `updated_at`) VALUES (23, '1', '1971-04-07', 'Myrtieborough', 'Doloremque eaque sint dolores.', 'Little, Olson and Huels', '1986-09-14 05:45:10', '2020-06-07 14:43:20');
INSERT INTO `profiles` (`user_id`, `gender`, `birthday`, `city`, `education`, `post`, `created_at`, `updated_at`) VALUES (24, '9', '2017-11-29', 'Savannahhaven', 'Cum aperiam perferendis dignissimos odio est nesciunt.', 'Wilkinson, Brown and McClure', '2010-01-19 12:31:44', '2020-06-07 14:43:20');
INSERT INTO `profiles` (`user_id`, `gender`, `birthday`, `city`, `education`, `post`, `created_at`, `updated_at`) VALUES (25, '7', '1970-08-08', 'Jarvisfort', 'Dolor et aut vel omnis quia qui rem.', 'Hegmann-Marks', '1978-05-07 22:52:08', '2020-06-07 14:43:20');
INSERT INTO `profiles` (`user_id`, `gender`, `birthday`, `city`, `education`, `post`, `created_at`, `updated_at`) VALUES (26, '5', '2008-11-28', 'Abshirestad', 'Voluptas eaque necessitatibus accusantium rerum iste.', 'Powlowski-King', '1993-05-02 09:36:13', '2020-06-07 14:43:20');
INSERT INTO `profiles` (`user_id`, `gender`, `birthday`, `city`, `education`, `post`, `created_at`, `updated_at`) VALUES (27, '7', '2012-05-18', 'Tiffanyton', 'Quia voluptas nisi dolor ea rerum.', 'Paucek and Sons', '2009-09-08 12:41:51', '2020-06-07 14:43:20');
INSERT INTO `profiles` (`user_id`, `gender`, `birthday`, `city`, `education`, `post`, `created_at`, `updated_at`) VALUES (28, '3', '1986-12-12', 'Reichelbury', 'Distinctio ratione debitis suscipit magni et voluptas.', 'Ortiz-Gerlach', '1995-06-28 02:02:15', '2020-06-07 14:43:20');
INSERT INTO `profiles` (`user_id`, `gender`, `birthday`, `city`, `education`, `post`, `created_at`, `updated_at`) VALUES (29, '2', '2002-01-04', 'Hopebury', 'Ut voluptatem cupiditate quas quia voluptate qui libero vel.', 'Tremblay, D\'Amore and Rutherford', '1993-05-26 16:38:47', '2020-06-07 14:43:20');
INSERT INTO `profiles` (`user_id`, `gender`, `birthday`, `city`, `education`, `post`, `created_at`, `updated_at`) VALUES (30, '2', '1979-07-29', 'East Cielohaven', 'Totam quia repellat velit facilis vitae.', 'Willms LLC', '1971-08-04 19:07:04', '2020-06-07 14:43:20');
INSERT INTO `profiles` (`user_id`, `gender`, `birthday`, `city`, `education`, `post`, `created_at`, `updated_at`) VALUES (31, '6', '2017-03-31', 'Strosinfurt', 'Odio magni eius voluptas delectus.', 'Lueilwitz, Boyer and O\'Conner', '2005-08-01 06:56:25', '2020-06-07 14:43:20');
INSERT INTO `profiles` (`user_id`, `gender`, `birthday`, `city`, `education`, `post`, `created_at`, `updated_at`) VALUES (32, '1', '1995-04-15', 'South Nedrafort', 'Quis in odit totam sit ut dolor tempore doloremque.', 'Moore-Gaylord', '1986-07-31 23:18:42', '2020-06-07 14:43:20');
INSERT INTO `profiles` (`user_id`, `gender`, `birthday`, `city`, `education`, `post`, `created_at`, `updated_at`) VALUES (33, '1', '2006-10-28', 'Mylesstad', 'Iste facilis unde officia culpa.', 'Waelchi-Bahringer', '2019-07-02 22:14:21', '2020-06-07 14:43:20');
INSERT INTO `profiles` (`user_id`, `gender`, `birthday`, `city`, `education`, `post`, `created_at`, `updated_at`) VALUES (34, '9', '2015-01-05', 'North Lue', 'Fugit qui tenetur quas autem voluptate sapiente.', 'Runolfsdottir Ltd', '1980-09-08 15:22:46', '2020-06-07 14:43:20');
INSERT INTO `profiles` (`user_id`, `gender`, `birthday`, `city`, `education`, `post`, `created_at`, `updated_at`) VALUES (35, '9', '1989-03-16', 'Port Imelda', 'Et ut dignissimos blanditiis tempore mollitia.', 'Keebler Ltd', '1980-07-20 04:33:17', '2020-06-07 14:43:20');
INSERT INTO `profiles` (`user_id`, `gender`, `birthday`, `city`, `education`, `post`, `created_at`, `updated_at`) VALUES (36, '4', '2019-06-16', 'Welchchester', 'Aut neque quod aut accusamus qui tempore.', 'Jacobson-Zulauf', '1984-07-02 05:02:09', '2020-06-07 14:43:20');
INSERT INTO `profiles` (`user_id`, `gender`, `birthday`, `city`, `education`, `post`, `created_at`, `updated_at`) VALUES (37, '7', '1975-05-01', 'North Elodyview', 'Ut quia repudiandae cumque.', 'Moen PLC', '1980-03-04 02:00:55', '2020-06-07 14:43:20');
INSERT INTO `profiles` (`user_id`, `gender`, `birthday`, `city`, `education`, `post`, `created_at`, `updated_at`) VALUES (38, '1', '1986-04-30', 'Lake Jedediah', 'Reiciendis quis consequatur autem molestiae dignissimos ipsum deserunt.', 'Terry Inc', '1990-01-30 15:41:10', '2020-06-07 14:43:20');
INSERT INTO `profiles` (`user_id`, `gender`, `birthday`, `city`, `education`, `post`, `created_at`, `updated_at`) VALUES (39, '5', '1974-11-28', 'Amosport', 'Consectetur autem earum distinctio quibusdam.', 'Douglas, Blanda and Larkin', '1976-11-11 18:58:56', '2020-06-07 14:43:20');
INSERT INTO `profiles` (`user_id`, `gender`, `birthday`, `city`, `education`, `post`, `created_at`, `updated_at`) VALUES (40, '9', '1985-09-27', 'South Pierreport', 'Quam in vitae est nostrum dolor quidem totam.', 'Gorczany, Halvorson and Lehner', '1986-08-16 00:03:57', '2020-06-07 14:43:20');
INSERT INTO `profiles` (`user_id`, `gender`, `birthday`, `city`, `education`, `post`, `created_at`, `updated_at`) VALUES (41, '8', '2017-03-23', 'Johnstonshire', 'Molestiae aut eos ut illum ab.', 'Ritchie-Graham', '2005-05-24 00:41:30', '2020-06-07 14:43:20');
INSERT INTO `profiles` (`user_id`, `gender`, `birthday`, `city`, `education`, `post`, `created_at`, `updated_at`) VALUES (42, '3', '2012-01-13', 'Satterfieldborough', 'Aut laboriosam pariatur dolores.', 'Gaylord PLC', '2002-11-27 03:15:35', '2020-06-07 14:43:20');
INSERT INTO `profiles` (`user_id`, `gender`, `birthday`, `city`, `education`, `post`, `created_at`, `updated_at`) VALUES (43, '1', '2019-09-20', 'Marisolmouth', 'Perferendis suscipit tempore id qui quo aliquam ut.', 'Streich-Hauck', '2016-12-20 11:02:47', '2020-06-07 14:43:20');
INSERT INTO `profiles` (`user_id`, `gender`, `birthday`, `city`, `education`, `post`, `created_at`, `updated_at`) VALUES (44, '4', '2006-10-16', 'New Antonioport', 'Qui in earum qui expedita et aut.', 'Balistreri-Hayes', '1981-01-12 09:43:12', '2020-06-07 14:43:20');
INSERT INTO `profiles` (`user_id`, `gender`, `birthday`, `city`, `education`, `post`, `created_at`, `updated_at`) VALUES (45, '8', '1972-02-10', 'South Chelsieview', 'Laborum et et qui neque optio.', 'Ruecker-Bartell', '1971-01-15 14:25:19', '2020-06-07 14:43:20');
INSERT INTO `profiles` (`user_id`, `gender`, `birthday`, `city`, `education`, `post`, `created_at`, `updated_at`) VALUES (46, '4', '2006-07-25', 'Louieland', 'Aut qui optio quasi est deleniti autem nihil.', 'Purdy PLC', '1974-03-29 16:38:11', '2020-06-07 14:43:20');
INSERT INTO `profiles` (`user_id`, `gender`, `birthday`, `city`, `education`, `post`, `created_at`, `updated_at`) VALUES (47, '1', '1992-06-20', 'East Noemi', 'Quia nisi consequatur excepturi voluptatem.', 'Stiedemann, Thiel and Veum', '1992-07-23 03:59:00', '2020-06-07 14:43:20');
INSERT INTO `profiles` (`user_id`, `gender`, `birthday`, `city`, `education`, `post`, `created_at`, `updated_at`) VALUES (48, '2', '1988-08-31', 'South Savionfort', 'Assumenda aut voluptate odit fuga quas consequuntur.', 'Ratke and Sons', '1992-02-01 03:06:23', '2020-06-07 14:43:20');
INSERT INTO `profiles` (`user_id`, `gender`, `birthday`, `city`, `education`, `post`, `created_at`, `updated_at`) VALUES (49, '1', '2002-08-17', 'Rodriguezside', 'Ut ut omnis voluptate cumque ipsa numquam dolore sint.', 'Schulist PLC', '2002-01-08 18:41:48', '2020-06-07 14:43:20');
INSERT INTO `profiles` (`user_id`, `gender`, `birthday`, `city`, `education`, `post`, `created_at`, `updated_at`) VALUES (50, '2', '1988-08-13', 'Port May', 'Ab asperiores esse alias.', 'Beahan PLC', '2019-04-17 17:06:48', '2020-06-07 14:43:20');
INSERT INTO `profiles` (`user_id`, `gender`, `birthday`, `city`, `education`, `post`, `created_at`, `updated_at`) VALUES (51, '5', '2015-06-06', 'East Cyrus', 'Odio sed et optio id autem delectus et omnis.', 'Durgan, Yundt and Heathcote', '1994-07-09 13:32:28', '2020-06-07 14:43:20');
INSERT INTO `profiles` (`user_id`, `gender`, `birthday`, `city`, `education`, `post`, `created_at`, `updated_at`) VALUES (52, '1', '1974-02-21', 'Steuberberg', 'Voluptatem voluptas quam aliquid ducimus officia itaque temporibus.', 'Heller-Hahn', '1979-03-06 04:59:55', '2020-06-07 14:43:20');
INSERT INTO `profiles` (`user_id`, `gender`, `birthday`, `city`, `education`, `post`, `created_at`, `updated_at`) VALUES (53, '8', '1993-08-03', 'New Emmanuelleshire', 'Velit harum sit officia nemo distinctio delectus tempore.', 'Feil-Mills', '2013-03-25 18:33:40', '2020-06-07 14:43:20');
INSERT INTO `profiles` (`user_id`, `gender`, `birthday`, `city`, `education`, `post`, `created_at`, `updated_at`) VALUES (54, '6', '2000-07-21', 'Lynntown', 'Et est maxime velit iure id.', 'Barton Group', '2015-11-08 11:25:35', '2020-06-07 14:43:20');
INSERT INTO `profiles` (`user_id`, `gender`, `birthday`, `city`, `education`, `post`, `created_at`, `updated_at`) VALUES (55, '1', '2005-07-25', 'Walterstad', 'Harum nemo libero recusandae facere id.', 'Littel-Beatty', '1990-04-02 21:06:43', '2020-06-07 14:43:20');
INSERT INTO `profiles` (`user_id`, `gender`, `birthday`, `city`, `education`, `post`, `created_at`, `updated_at`) VALUES (56, '8', '1976-10-21', 'Lake Unique', 'Blanditiis ut sit aliquid commodi qui error in.', 'Considine Group', '1970-06-04 04:00:10', '2020-06-07 14:43:20');
INSERT INTO `profiles` (`user_id`, `gender`, `birthday`, `city`, `education`, `post`, `created_at`, `updated_at`) VALUES (57, '4', '2005-01-08', 'North Jeff', 'Iusto dolor eveniet quasi velit.', 'Jerde-Yost', '1974-04-05 02:45:47', '2020-06-07 14:43:20');
INSERT INTO `profiles` (`user_id`, `gender`, `birthday`, `city`, `education`, `post`, `created_at`, `updated_at`) VALUES (58, '5', '2012-04-10', 'Dianamouth', 'Dicta placeat libero maxime provident inventore tempora.', 'Greenfelder, Lehner and Von', '2017-08-30 09:37:01', '2020-06-07 14:43:20');
INSERT INTO `profiles` (`user_id`, `gender`, `birthday`, `city`, `education`, `post`, `created_at`, `updated_at`) VALUES (59, '8', '1979-07-12', 'New Kirsten', 'Placeat eum autem enim asperiores ducimus similique.', 'Wolf Ltd', '1987-10-04 04:29:04', '2020-06-07 14:43:20');
INSERT INTO `profiles` (`user_id`, `gender`, `birthday`, `city`, `education`, `post`, `created_at`, `updated_at`) VALUES (60, '1', '1971-01-06', 'Lake Mellieton', 'Tempore omnis dolores nesciunt dignissimos.', 'Kuhic Group', '1987-09-20 06:36:28', '2020-06-07 14:43:20');
INSERT INTO `profiles` (`user_id`, `gender`, `birthday`, `city`, `education`, `post`, `created_at`, `updated_at`) VALUES (61, '4', '2018-03-29', 'Antoniettachester', 'Expedita eius quod atque autem est molestiae quia.', 'Rath PLC', '2017-04-30 04:07:46', '2020-06-07 14:43:20');
INSERT INTO `profiles` (`user_id`, `gender`, `birthday`, `city`, `education`, `post`, `created_at`, `updated_at`) VALUES (62, '9', '1987-05-29', 'Simonisville', 'Sed cum dolores cumque hic libero et.', 'Jacobs-Barrows', '2016-05-25 16:11:20', '2020-06-07 14:43:20');
INSERT INTO `profiles` (`user_id`, `gender`, `birthday`, `city`, `education`, `post`, `created_at`, `updated_at`) VALUES (63, '6', '1972-07-31', 'South Golda', 'Laborum quis dolor velit eos.', 'Funk and Sons', '2008-09-02 13:09:03', '2020-06-07 14:43:20');
INSERT INTO `profiles` (`user_id`, `gender`, `birthday`, `city`, `education`, `post`, `created_at`, `updated_at`) VALUES (64, '7', '1987-11-15', 'Beattyport', 'Odit quae voluptatem quas accusantium nisi consectetur tenetur.', 'Waelchi-Feest', '1976-12-29 08:58:45', '2020-06-07 14:43:20');
INSERT INTO `profiles` (`user_id`, `gender`, `birthday`, `city`, `education`, `post`, `created_at`, `updated_at`) VALUES (65, '2', '2013-06-26', 'East Cortneyview', 'Et earum veritatis ullam dignissimos perferendis aliquam.', 'Crooks Ltd', '2017-08-26 04:40:08', '2020-06-07 14:43:20');
INSERT INTO `profiles` (`user_id`, `gender`, `birthday`, `city`, `education`, `post`, `created_at`, `updated_at`) VALUES (66, '9', '1976-05-24', 'Port Violet', 'Exercitationem pariatur nostrum dolor commodi sed non.', 'Champlin, Feest and Schuster', '2002-05-30 17:56:31', '2020-06-07 14:43:20');
INSERT INTO `profiles` (`user_id`, `gender`, `birthday`, `city`, `education`, `post`, `created_at`, `updated_at`) VALUES (67, '8', '1980-03-17', 'West Nayeliside', 'Maiores dolor qui similique eos.', 'Feeney Inc', '1988-10-04 16:08:15', '2020-06-07 14:43:20');
INSERT INTO `profiles` (`user_id`, `gender`, `birthday`, `city`, `education`, `post`, `created_at`, `updated_at`) VALUES (68, '7', '1991-12-13', 'West Carolinefurt', 'Saepe excepturi dolore est qui quia.', 'Hauck-Abernathy', '2012-10-04 07:52:27', '2020-06-07 14:43:20');
INSERT INTO `profiles` (`user_id`, `gender`, `birthday`, `city`, `education`, `post`, `created_at`, `updated_at`) VALUES (69, '4', '2010-11-05', 'Goldnerstad', 'Eum cum dolore autem iusto est labore.', 'Huels-Morar', '1982-06-13 01:43:41', '2020-06-07 14:43:20');
INSERT INTO `profiles` (`user_id`, `gender`, `birthday`, `city`, `education`, `post`, `created_at`, `updated_at`) VALUES (70, '7', '1998-07-07', 'Lake Amari', 'Soluta sed autem non sunt.', 'Greenholt-Rath', '1988-11-14 06:25:52', '2020-06-07 14:43:20');
INSERT INTO `profiles` (`user_id`, `gender`, `birthday`, `city`, `education`, `post`, `created_at`, `updated_at`) VALUES (71, '4', '1979-06-13', 'Boscotown', 'Fugit nihil perferendis minus quia voluptates.', 'Cummings, Hammes and Murazik', '2013-11-08 22:12:19', '2020-06-07 14:43:20');
INSERT INTO `profiles` (`user_id`, `gender`, `birthday`, `city`, `education`, `post`, `created_at`, `updated_at`) VALUES (72, '4', '2001-08-19', 'Wisozktown', 'Numquam ad possimus vel aliquam voluptatem sapiente.', 'Gislason Inc', '1993-08-29 01:43:04', '2020-06-07 14:43:20');
INSERT INTO `profiles` (`user_id`, `gender`, `birthday`, `city`, `education`, `post`, `created_at`, `updated_at`) VALUES (73, '8', '1996-09-21', 'Caleighfort', 'Eos explicabo molestiae cum sapiente.', 'Ernser, DuBuque and Johns', '2019-11-17 17:54:33', '2020-06-07 14:43:20');
INSERT INTO `profiles` (`user_id`, `gender`, `birthday`, `city`, `education`, `post`, `created_at`, `updated_at`) VALUES (74, '7', '1990-10-12', 'Anabellefurt', 'Quaerat error fugiat voluptatem eaque id.', 'Spencer-McKenzie', '1974-03-16 01:50:35', '2020-06-07 14:43:20');
INSERT INTO `profiles` (`user_id`, `gender`, `birthday`, `city`, `education`, `post`, `created_at`, `updated_at`) VALUES (75, '4', '2017-09-22', 'South Anais', 'Fugiat repellat sed modi placeat.', 'Hansen, Weber and Wuckert', '1972-09-03 02:15:55', '2020-06-07 14:43:20');
INSERT INTO `profiles` (`user_id`, `gender`, `birthday`, `city`, `education`, `post`, `created_at`, `updated_at`) VALUES (76, '4', '2019-11-01', 'East Agustin', 'Quo sit vero fuga quia quibusdam magnam ad.', 'Orn, Nienow and Anderson', '2008-11-10 10:25:49', '2020-06-07 14:43:20');
INSERT INTO `profiles` (`user_id`, `gender`, `birthday`, `city`, `education`, `post`, `created_at`, `updated_at`) VALUES (77, '4', '1993-11-17', 'Danielmouth', 'Omnis ut eligendi alias minima.', 'Lowe, Olson and Mitchell', '1972-11-22 09:26:54', '2020-06-07 14:43:20');
INSERT INTO `profiles` (`user_id`, `gender`, `birthday`, `city`, `education`, `post`, `created_at`, `updated_at`) VALUES (78, '8', '1971-06-30', 'South Kathryne', 'Libero est dolorem quia voluptatem dolore distinctio.', 'Marks, Brekke and Spencer', '2008-04-16 17:13:17', '2020-06-07 14:43:20');
INSERT INTO `profiles` (`user_id`, `gender`, `birthday`, `city`, `education`, `post`, `created_at`, `updated_at`) VALUES (79, '9', '2018-11-17', 'East Abbeyland', 'Quod velit magni in nihil minima.', 'Rau, Corkery and Nikolaus', '1995-03-16 06:24:19', '2020-06-07 14:43:20');
INSERT INTO `profiles` (`user_id`, `gender`, `birthday`, `city`, `education`, `post`, `created_at`, `updated_at`) VALUES (80, '1', '2017-02-18', 'Evieburgh', 'Perferendis distinctio totam corrupti quae occaecati voluptas.', 'Marquardt, Kuvalis and Waters', '2012-01-06 13:56:31', '2020-06-07 14:43:20');
INSERT INTO `profiles` (`user_id`, `gender`, `birthday`, `city`, `education`, `post`, `created_at`, `updated_at`) VALUES (81, '2', '2006-07-04', 'Eliseotown', 'Asperiores et molestias accusantium omnis totam.', 'Wehner-Towne', '1987-10-06 12:07:32', '2020-06-07 14:43:20');
INSERT INTO `profiles` (`user_id`, `gender`, `birthday`, `city`, `education`, `post`, `created_at`, `updated_at`) VALUES (82, '5', '1989-03-29', 'Wuckertview', 'Quisquam sed quisquam optio.', 'Gerlach-Mertz', '1982-05-20 06:48:15', '2020-06-07 14:43:20');
INSERT INTO `profiles` (`user_id`, `gender`, `birthday`, `city`, `education`, `post`, `created_at`, `updated_at`) VALUES (83, '2', '1999-08-22', 'North Wayneland', 'Commodi est dolorem at fugit ratione sed beatae.', 'Block, Gislason and Zboncak', '1994-08-05 11:22:19', '2020-06-07 14:43:20');
INSERT INTO `profiles` (`user_id`, `gender`, `birthday`, `city`, `education`, `post`, `created_at`, `updated_at`) VALUES (84, '8', '1994-01-04', 'Lauriefort', 'Mollitia sed qui quisquam recusandae est est est distinctio.', 'Kertzmann, Schoen and Schamberger', '2015-04-30 05:22:11', '2020-06-07 14:43:20');
INSERT INTO `profiles` (`user_id`, `gender`, `birthday`, `city`, `education`, `post`, `created_at`, `updated_at`) VALUES (85, '7', '2008-03-29', 'South Zoraberg', 'Similique tempora maxime non dolores nostrum eligendi enim.', 'Sauer-Wehner', '1982-09-08 17:22:33', '2020-06-07 14:43:20');
INSERT INTO `profiles` (`user_id`, `gender`, `birthday`, `city`, `education`, `post`, `created_at`, `updated_at`) VALUES (86, '9', '1992-08-15', 'Sporerport', 'Id quibusdam quasi animi aliquam ex perspiciatis qui aut.', 'Rau, Jones and Hammes', '1980-02-27 13:18:19', '2020-06-07 14:43:20');
INSERT INTO `profiles` (`user_id`, `gender`, `birthday`, `city`, `education`, `post`, `created_at`, `updated_at`) VALUES (87, '1', '1995-05-08', 'Vonbury', 'Quidem qui molestiae esse.', 'Kerluke-Steuber', '2006-09-21 10:33:48', '2020-06-07 14:43:20');
INSERT INTO `profiles` (`user_id`, `gender`, `birthday`, `city`, `education`, `post`, `created_at`, `updated_at`) VALUES (88, '5', '2006-02-23', 'North Aurore', 'Aut recusandae rerum hic et accusamus et et.', 'Muller and Sons', '1978-08-28 10:25:36', '2020-06-07 14:43:20');
INSERT INTO `profiles` (`user_id`, `gender`, `birthday`, `city`, `education`, `post`, `created_at`, `updated_at`) VALUES (89, '3', '2004-01-05', 'Brakusberg', 'Tempora delectus vitae ex eligendi consequatur.', 'Hackett-Walker', '2019-06-26 23:39:40', '2020-06-07 14:43:20');
INSERT INTO `profiles` (`user_id`, `gender`, `birthday`, `city`, `education`, `post`, `created_at`, `updated_at`) VALUES (90, '5', '2014-08-07', 'Gutmannhaven', 'Autem maiores in dolorem quaerat qui consequuntur dolor.', 'Marquardt, Fay and Halvorson', '2002-07-08 18:33:03', '2020-06-07 14:43:20');
INSERT INTO `profiles` (`user_id`, `gender`, `birthday`, `city`, `education`, `post`, `created_at`, `updated_at`) VALUES (91, '4', '1991-10-29', 'Anselborough', 'Nisi voluptate et alias provident.', 'Collins Group', '2008-04-02 10:17:51', '2020-06-07 14:43:20');
INSERT INTO `profiles` (`user_id`, `gender`, `birthday`, `city`, `education`, `post`, `created_at`, `updated_at`) VALUES (92, '4', '1982-03-25', 'Lake Jordanemouth', 'Nobis aut autem quod voluptatem numquam occaecati.', 'Conroy, Dach and Powlowski', '2008-03-24 11:39:58', '2020-06-07 14:43:20');
INSERT INTO `profiles` (`user_id`, `gender`, `birthday`, `city`, `education`, `post`, `created_at`, `updated_at`) VALUES (93, '3', '1986-05-28', 'North Eldoraport', 'Et animi reprehenderit occaecati qui doloremque et nostrum et.', 'Walsh, Parker and Cormier', '1987-09-01 02:29:36', '2020-06-07 14:43:20');
INSERT INTO `profiles` (`user_id`, `gender`, `birthday`, `city`, `education`, `post`, `created_at`, `updated_at`) VALUES (94, '6', '1983-09-09', 'Westmouth', 'Nesciunt atque et beatae autem non voluptatem.', 'Crona, Wiegand and Dickens', '1987-05-16 10:18:52', '2020-06-07 14:43:20');
INSERT INTO `profiles` (`user_id`, `gender`, `birthday`, `city`, `education`, `post`, `created_at`, `updated_at`) VALUES (95, '4', '1993-10-05', 'Humbertoland', 'Est et modi tenetur consequuntur sint eos ex.', 'Keebler Inc', '2017-04-30 14:51:18', '2020-06-07 14:43:20');
INSERT INTO `profiles` (`user_id`, `gender`, `birthday`, `city`, `education`, `post`, `created_at`, `updated_at`) VALUES (96, '3', '1971-04-22', 'Lake Braden', 'Sint in porro non nemo sit.', 'Christiansen-Glover', '2010-06-15 11:38:52', '2020-06-07 14:43:20');
INSERT INTO `profiles` (`user_id`, `gender`, `birthday`, `city`, `education`, `post`, `created_at`, `updated_at`) VALUES (97, '6', '2014-11-22', 'Willmsfort', 'Rem quos sequi laboriosam repellat eveniet rerum dolorem.', 'Weber-Kub', '2017-01-22 19:41:46', '2020-06-07 14:43:20');
INSERT INTO `profiles` (`user_id`, `gender`, `birthday`, `city`, `education`, `post`, `created_at`, `updated_at`) VALUES (98, '4', '2014-09-04', 'Hodkiewiczport', 'Sint quam dolorem natus ipsam ex ut rerum error.', 'Smith LLC', '2010-04-05 05:20:17', '2020-06-07 14:43:20');
INSERT INTO `profiles` (`user_id`, `gender`, `birthday`, `city`, `education`, `post`, `created_at`, `updated_at`) VALUES (99, '1', '1970-03-31', 'Courtneyton', 'Voluptatem laudantium recusandae corrupti quod fuga.', 'Kris Ltd', '1989-03-06 04:45:16', '2020-06-07 14:43:20');
INSERT INTO `profiles` (`user_id`, `gender`, `birthday`, `city`, `education`, `post`, `created_at`, `updated_at`) VALUES (100, '9', '1992-01-03', 'North Rheaview', 'Pariatur magni pariatur ut consequatur perferendis possimus.', 'Wisozk Ltd', '2005-02-01 18:44:56', '2020-06-07 14:43:20');


#
# TABLE STRUCTURE FOR: status_id
#

DROP TABLE IF EXISTS `status_id`;

CREATE TABLE `status_id` (
  `status_id` int(10) unsigned NOT NULL,
  `status` int(10) unsigned NOT NULL
) ENGINE=InnoDB DEFAULT CHARSET=utf8 COLLATE=utf8_unicode_ci;

#
# TABLE STRUCTURE FOR: users
#

DROP TABLE IF EXISTS `users`;

CREATE TABLE `users` (
  `id` int(10) unsigned NOT NULL AUTO_INCREMENT,
  `first_name` varchar(100) COLLATE utf8_unicode_ci NOT NULL,
  `last_name` varchar(100) COLLATE utf8_unicode_ci NOT NULL,
  `email` varchar(100) COLLATE utf8_unicode_ci NOT NULL,
  `phone` varchar(100) COLLATE utf8_unicode_ci NOT NULL,
  `created_at` datetime DEFAULT current_timestamp(),
  `updated_at` datetime DEFAULT current_timestamp() ON UPDATE current_timestamp(),
  PRIMARY KEY (`id`),
  UNIQUE KEY `email` (`email`),
  UNIQUE KEY `phone` (`phone`)
) ENGINE=InnoDB AUTO_INCREMENT=101 DEFAULT CHARSET=utf8 COLLATE=utf8_unicode_ci;

INSERT INTO `users` (`id`, `first_name`, `last_name`, `email`, `phone`, `created_at`, `updated_at`) VALUES (1, 'Quincy', 'Chaya', 'ejohnson@example.com', '556-376-7312', '1999-11-20 07:39:22', '2020-06-07 14:42:54');
INSERT INTO `users` (`id`, `first_name`, `last_name`, `email`, `phone`, `created_at`, `updated_at`) VALUES (2, 'Lily', 'Amalia', 'colleen.goldner@example.com', '711.258.2944x51651', '1985-12-19 16:05:34', '2020-06-07 14:42:54');
INSERT INTO `users` (`id`, `first_name`, `last_name`, `email`, `phone`, `created_at`, `updated_at`) VALUES (3, 'Walton', 'Verna', 'colby.feeney@example.com', '(880)671-0325x2708', '2009-08-18 02:58:48', '2020-06-07 14:42:54');
INSERT INTO `users` (`id`, `first_name`, `last_name`, `email`, `phone`, `created_at`, `updated_at`) VALUES (4, 'Rowan', 'Anais', 'dino96@example.org', '+48(4)1236597801', '2005-12-05 00:06:08', '2020-06-07 14:42:54');
INSERT INTO `users` (`id`, `first_name`, `last_name`, `email`, `phone`, `created_at`, `updated_at`) VALUES (5, 'Kenyatta', 'Naomi', 'winnifred78@example.com', '827.058.4719x6408', '2018-08-29 21:26:11', '2020-06-07 14:42:54');
INSERT INTO `users` (`id`, `first_name`, `last_name`, `email`, `phone`, `created_at`, `updated_at`) VALUES (6, 'Corene', 'Patricia', 'rosalyn.mraz@example.net', '796.516.6117', '1986-06-12 06:27:08', '2020-06-07 14:42:54');
INSERT INTO `users` (`id`, `first_name`, `last_name`, `email`, `phone`, `created_at`, `updated_at`) VALUES (7, 'Maiya', 'Assunta', 'kamron.heidenreich@example.net', '179-871-5684', '2009-12-14 08:23:20', '2020-06-07 14:42:54');
INSERT INTO `users` (`id`, `first_name`, `last_name`, `email`, `phone`, `created_at`, `updated_at`) VALUES (8, 'Carmen', 'Vernon', 'roosevelt28@example.net', '026-189-9442x077', '1994-08-13 13:03:43', '2020-06-07 14:42:54');
INSERT INTO `users` (`id`, `first_name`, `last_name`, `email`, `phone`, `created_at`, `updated_at`) VALUES (9, 'Hailee', 'Alivia', 'elvis.kshlerin@example.com', '(096)595-9675x1211', '2017-10-17 14:38:00', '2020-06-07 14:42:54');
INSERT INTO `users` (`id`, `first_name`, `last_name`, `email`, `phone`, `created_at`, `updated_at`) VALUES (10, 'Quinten', 'Desiree', 'ward.rory@example.org', '353-417-0069x20050', '1980-05-13 02:54:55', '2020-06-07 14:42:54');
INSERT INTO `users` (`id`, `first_name`, `last_name`, `email`, `phone`, `created_at`, `updated_at`) VALUES (11, 'Evelyn', 'Danielle', 'toy.elissa@example.org', '+31(1)2224037108', '1981-01-23 02:36:48', '2020-06-07 14:42:54');
INSERT INTO `users` (`id`, `first_name`, `last_name`, `email`, `phone`, `created_at`, `updated_at`) VALUES (12, 'Nichole', 'Sebastian', 'jailyn.hayes@example.org', '132-860-7580', '1987-04-04 02:52:51', '2020-06-07 14:42:54');
INSERT INTO `users` (`id`, `first_name`, `last_name`, `email`, `phone`, `created_at`, `updated_at`) VALUES (13, 'Gianni', 'Hassan', 'jerry18@example.org', '1-329-891-6593x13143', '1987-01-08 21:39:25', '2020-06-07 14:42:54');
INSERT INTO `users` (`id`, `first_name`, `last_name`, `email`, `phone`, `created_at`, `updated_at`) VALUES (14, 'Hilario', 'Sandrine', 'loren.waelchi@example.org', '1-698-275-0547', '2019-11-16 04:48:07', '2020-06-07 14:42:54');
INSERT INTO `users` (`id`, `first_name`, `last_name`, `email`, `phone`, `created_at`, `updated_at`) VALUES (15, 'Aurore', 'Jennings', 'dewitt.feest@example.net', '994-137-6831x13715', '1992-06-01 08:06:59', '2020-06-07 14:42:54');
INSERT INTO `users` (`id`, `first_name`, `last_name`, `email`, `phone`, `created_at`, `updated_at`) VALUES (16, 'Lola', 'Demetrius', 'xjohnston@example.com', '801.623.0981', '2016-10-06 09:17:07', '2020-06-07 14:42:54');
INSERT INTO `users` (`id`, `first_name`, `last_name`, `email`, `phone`, `created_at`, `updated_at`) VALUES (17, 'Amy', 'Amanda', 'stehr.leif@example.net', '+88(9)5833226242', '2016-06-23 05:56:07', '2020-06-07 14:42:54');
INSERT INTO `users` (`id`, `first_name`, `last_name`, `email`, `phone`, `created_at`, `updated_at`) VALUES (18, 'Stanton', 'Rhett', 'jasen.gutkowski@example.org', '364.488.2150', '1998-05-01 21:36:15', '2020-06-07 14:42:54');
INSERT INTO `users` (`id`, `first_name`, `last_name`, `email`, `phone`, `created_at`, `updated_at`) VALUES (19, 'Rogers', 'Jaime', 'gprohaska@example.org', '08599208357', '1997-09-14 20:25:46', '2020-06-07 14:42:54');
INSERT INTO `users` (`id`, `first_name`, `last_name`, `email`, `phone`, `created_at`, `updated_at`) VALUES (20, 'Alena', 'Tom', 'naomie77@example.org', '00466526997', '2000-01-17 08:18:05', '2020-06-07 14:42:54');
INSERT INTO `users` (`id`, `first_name`, `last_name`, `email`, `phone`, `created_at`, `updated_at`) VALUES (21, 'Ryann', 'Jazmyn', 'samanta.stark@example.net', '1-091-398-0900x9007', '2018-01-19 09:33:29', '2020-06-07 14:42:54');
INSERT INTO `users` (`id`, `first_name`, `last_name`, `email`, `phone`, `created_at`, `updated_at`) VALUES (22, 'Ervin', 'Hailee', 'adriel.lind@example.net', '(807)304-5258x3052', '1978-04-12 14:49:48', '2020-06-07 14:42:54');
INSERT INTO `users` (`id`, `first_name`, `last_name`, `email`, `phone`, `created_at`, `updated_at`) VALUES (23, 'Trisha', 'London', 'zachariah.hauck@example.net', '1-677-406-0658x400', '2001-11-04 09:42:34', '2020-06-07 14:42:54');
INSERT INTO `users` (`id`, `first_name`, `last_name`, `email`, `phone`, `created_at`, `updated_at`) VALUES (24, 'Althea', 'Norwood', 'rhoppe@example.com', '06782566453', '1989-02-03 06:23:28', '2020-06-07 14:42:54');
INSERT INTO `users` (`id`, `first_name`, `last_name`, `email`, `phone`, `created_at`, `updated_at`) VALUES (25, 'Evelyn', 'Hayley', 'paul.von@example.org', '03341102729', '1980-07-21 10:46:08', '2020-06-07 14:42:54');
INSERT INTO `users` (`id`, `first_name`, `last_name`, `email`, `phone`, `created_at`, `updated_at`) VALUES (26, 'Kay', 'Samanta', 'joana.auer@example.com', '331-721-8836', '1987-12-19 04:00:26', '2020-06-07 14:42:54');
INSERT INTO `users` (`id`, `first_name`, `last_name`, `email`, `phone`, `created_at`, `updated_at`) VALUES (27, 'Verlie', 'Erika', 'joy82@example.net', '140.278.2943x67188', '2005-06-12 05:26:14', '2020-06-07 14:42:54');
INSERT INTO `users` (`id`, `first_name`, `last_name`, `email`, `phone`, `created_at`, `updated_at`) VALUES (28, 'Janet', 'Gerry', 'balistreri.kaylie@example.net', '831.436.4668x7905', '1978-09-10 07:22:21', '2020-06-07 14:42:54');
INSERT INTO `users` (`id`, `first_name`, `last_name`, `email`, `phone`, `created_at`, `updated_at`) VALUES (29, 'Freida', 'Mallie', 'koepp.kobe@example.org', '+86(2)0927812826', '2009-04-04 18:07:09', '2020-06-07 14:42:54');
INSERT INTO `users` (`id`, `first_name`, `last_name`, `email`, `phone`, `created_at`, `updated_at`) VALUES (30, 'Stephania', 'Eladio', 'gloria.reinger@example.net', '822.990.4875', '1984-01-15 22:26:12', '2020-06-07 14:42:54');
INSERT INTO `users` (`id`, `first_name`, `last_name`, `email`, `phone`, `created_at`, `updated_at`) VALUES (31, 'Dejon', 'Viva', 'tgoodwin@example.org', '720.559.5274', '1975-03-27 12:50:53', '2020-06-07 14:42:54');
INSERT INTO `users` (`id`, `first_name`, `last_name`, `email`, `phone`, `created_at`, `updated_at`) VALUES (32, 'Jeffrey', 'Florida', 'woodrow40@example.org', '514-806-3691x63669', '2004-10-14 14:47:30', '2020-06-07 14:42:54');
INSERT INTO `users` (`id`, `first_name`, `last_name`, `email`, `phone`, `created_at`, `updated_at`) VALUES (33, 'Timmy', 'Ruthie', 'ullrich.orie@example.com', '992.628.7706x4110', '1994-12-15 18:03:59', '2020-06-07 14:42:54');
INSERT INTO `users` (`id`, `first_name`, `last_name`, `email`, `phone`, `created_at`, `updated_at`) VALUES (34, 'Isaiah', 'Alice', 'macejkovic.nia@example.net', '308-960-3713', '1987-02-25 21:06:01', '2020-06-07 14:42:54');
INSERT INTO `users` (`id`, `first_name`, `last_name`, `email`, `phone`, `created_at`, `updated_at`) VALUES (35, 'Bernadine', 'Esmeralda', 'estokes@example.com', '293.564.5606', '2013-07-24 12:16:19', '2020-06-07 14:42:54');
INSERT INTO `users` (`id`, `first_name`, `last_name`, `email`, `phone`, `created_at`, `updated_at`) VALUES (36, 'Landen', 'Darrin', 'aschaefer@example.com', '(851)508-6873', '1984-11-07 20:49:23', '2020-06-07 14:42:54');
INSERT INTO `users` (`id`, `first_name`, `last_name`, `email`, `phone`, `created_at`, `updated_at`) VALUES (37, 'Marguerite', 'Norval', 'glangosh@example.com', '400.688.7737x8312', '1993-02-21 15:14:01', '2020-06-07 14:42:54');
INSERT INTO `users` (`id`, `first_name`, `last_name`, `email`, `phone`, `created_at`, `updated_at`) VALUES (38, 'Bonita', 'Sydni', 'okirlin@example.org', '(306)810-1551x79969', '1995-09-26 23:12:05', '2020-06-07 14:42:54');
INSERT INTO `users` (`id`, `first_name`, `last_name`, `email`, `phone`, `created_at`, `updated_at`) VALUES (39, 'Tamia', 'Kristy', 'kturcotte@example.net', '02321824927', '1995-12-17 13:13:25', '2020-06-07 14:42:54');
INSERT INTO `users` (`id`, `first_name`, `last_name`, `email`, `phone`, `created_at`, `updated_at`) VALUES (40, 'Evelyn', 'Buford', 'gulgowski.vicky@example.org', '917-743-2125x517', '2001-03-30 05:00:20', '2020-06-07 14:42:54');
INSERT INTO `users` (`id`, `first_name`, `last_name`, `email`, `phone`, `created_at`, `updated_at`) VALUES (41, 'Dana', 'Jaycee', 'elsie.breitenberg@example.net', '1-531-168-0919', '2006-08-26 22:39:22', '2020-06-07 14:42:54');
INSERT INTO `users` (`id`, `first_name`, `last_name`, `email`, `phone`, `created_at`, `updated_at`) VALUES (42, 'Floy', 'Letitia', 'reed.littel@example.org', '709-974-0276x4879', '1985-01-17 17:49:04', '2020-06-07 14:42:54');
INSERT INTO `users` (`id`, `first_name`, `last_name`, `email`, `phone`, `created_at`, `updated_at`) VALUES (43, 'Karson', 'Ed', 'acorwin@example.org', '480.770.7539', '1999-05-20 09:57:06', '2020-06-07 14:42:54');
INSERT INTO `users` (`id`, `first_name`, `last_name`, `email`, `phone`, `created_at`, `updated_at`) VALUES (44, 'Kendra', 'Herbert', 'novella77@example.net', '778.776.6932x273', '1985-10-18 10:37:49', '2020-06-07 14:42:54');
INSERT INTO `users` (`id`, `first_name`, `last_name`, `email`, `phone`, `created_at`, `updated_at`) VALUES (45, 'Janick', 'Lionel', 'keara64@example.net', '(534)604-6149', '1987-12-22 07:28:16', '2020-06-07 14:42:54');
INSERT INTO `users` (`id`, `first_name`, `last_name`, `email`, `phone`, `created_at`, `updated_at`) VALUES (46, 'Gwendolyn', 'Mervin', 'clynch@example.com', '1-348-859-6629x35612', '1999-02-27 19:46:43', '2020-06-07 14:42:54');
INSERT INTO `users` (`id`, `first_name`, `last_name`, `email`, `phone`, `created_at`, `updated_at`) VALUES (47, 'Elias', 'Joanne', 'mcdermott.dario@example.com', '1-814-515-4616x6202', '2008-07-31 14:26:20', '2020-06-07 14:42:54');
INSERT INTO `users` (`id`, `first_name`, `last_name`, `email`, `phone`, `created_at`, `updated_at`) VALUES (48, 'Minerva', 'Cesar', 'lesch.jennifer@example.net', '964-040-5706x808', '1984-12-06 07:11:22', '2020-06-07 14:42:54');
INSERT INTO `users` (`id`, `first_name`, `last_name`, `email`, `phone`, `created_at`, `updated_at`) VALUES (49, 'Lauren', 'Eddie', 'antone.russel@example.com', '1-409-157-7727', '2020-04-09 12:30:13', '2020-06-07 14:42:54');
INSERT INTO `users` (`id`, `first_name`, `last_name`, `email`, `phone`, `created_at`, `updated_at`) VALUES (50, 'Nyasia', 'Arvel', 'vhackett@example.com', '733-498-7058', '1976-01-27 09:07:29', '2020-06-07 14:42:54');
INSERT INTO `users` (`id`, `first_name`, `last_name`, `email`, `phone`, `created_at`, `updated_at`) VALUES (51, 'Nora', 'Jessika', 'fzulauf@example.net', '768-642-0332', '2004-03-18 02:23:27', '2020-06-07 14:42:54');
INSERT INTO `users` (`id`, `first_name`, `last_name`, `email`, `phone`, `created_at`, `updated_at`) VALUES (52, 'Domenick', 'Linda', 'afahey@example.org', '421-688-2959x6103', '2009-02-24 23:42:33', '2020-06-07 14:42:54');
INSERT INTO `users` (`id`, `first_name`, `last_name`, `email`, `phone`, `created_at`, `updated_at`) VALUES (53, 'Crawford', 'Eulalia', 'marcelo26@example.com', '(407)363-9513', '2015-05-18 15:34:43', '2020-06-07 14:42:54');
INSERT INTO `users` (`id`, `first_name`, `last_name`, `email`, `phone`, `created_at`, `updated_at`) VALUES (54, 'Murphy', 'Kelly', 'mfisher@example.org', '00196208655', '1975-05-16 23:37:02', '2020-06-07 14:42:54');
INSERT INTO `users` (`id`, `first_name`, `last_name`, `email`, `phone`, `created_at`, `updated_at`) VALUES (55, 'Delmer', 'Jamar', 'khilpert@example.net', '(735)680-8561', '1972-09-25 13:23:32', '2020-06-07 14:42:54');
INSERT INTO `users` (`id`, `first_name`, `last_name`, `email`, `phone`, `created_at`, `updated_at`) VALUES (56, 'Miles', 'Desmond', 'vicenta.klein@example.com', '697-832-2875x30633', '1988-08-10 22:08:00', '2020-06-07 14:42:54');
INSERT INTO `users` (`id`, `first_name`, `last_name`, `email`, `phone`, `created_at`, `updated_at`) VALUES (57, 'Dorothy', 'Kody', 'rosa.ledner@example.net', '(555)669-5411', '1974-10-01 05:07:51', '2020-06-07 14:42:54');
INSERT INTO `users` (`id`, `first_name`, `last_name`, `email`, `phone`, `created_at`, `updated_at`) VALUES (58, 'Randi', 'Eda', 'elmore.rowe@example.com', '682-574-2347x978', '1998-08-08 04:55:12', '2020-06-07 14:42:54');
INSERT INTO `users` (`id`, `first_name`, `last_name`, `email`, `phone`, `created_at`, `updated_at`) VALUES (59, 'Eryn', 'Helen', 'monroe.gleichner@example.com', '05317971852', '1986-05-22 11:20:00', '2020-06-07 14:42:54');
INSERT INTO `users` (`id`, `first_name`, `last_name`, `email`, `phone`, `created_at`, `updated_at`) VALUES (60, 'Harley', 'Lula', 'leuschke.agustin@example.net', '1-736-115-8803x47344', '1996-10-12 12:19:38', '2020-06-07 14:42:54');
INSERT INTO `users` (`id`, `first_name`, `last_name`, `email`, `phone`, `created_at`, `updated_at`) VALUES (61, 'Buster', 'Alek', 'george00@example.org', '+68(7)6269262775', '1974-07-22 16:49:06', '2020-06-07 14:42:54');
INSERT INTO `users` (`id`, `first_name`, `last_name`, `email`, `phone`, `created_at`, `updated_at`) VALUES (62, 'Vernie', 'Jaqueline', 'gwendolyn.schulist@example.com', '1-727-190-5277x5949', '1972-06-17 14:03:08', '2020-06-07 14:42:54');
INSERT INTO `users` (`id`, `first_name`, `last_name`, `email`, `phone`, `created_at`, `updated_at`) VALUES (63, 'Nicolas', 'Ivy', 'diego68@example.net', '(130)734-5113', '1985-04-17 07:00:49', '2020-06-07 14:42:54');
INSERT INTO `users` (`id`, `first_name`, `last_name`, `email`, `phone`, `created_at`, `updated_at`) VALUES (64, 'Raleigh', 'Duncan', 'yvette63@example.net', '08666673514', '1979-09-20 05:24:32', '2020-06-07 14:42:54');
INSERT INTO `users` (`id`, `first_name`, `last_name`, `email`, `phone`, `created_at`, `updated_at`) VALUES (65, 'Ken', 'Amelia', 'cathrine.robel@example.org', '968-237-3311x846', '2015-11-28 03:36:49', '2020-06-07 14:42:54');
INSERT INTO `users` (`id`, `first_name`, `last_name`, `email`, `phone`, `created_at`, `updated_at`) VALUES (66, 'Sam', 'Celine', 'dharvey@example.net', '1-043-557-0263x487', '1997-04-03 04:12:39', '2020-06-07 14:42:54');
INSERT INTO `users` (`id`, `first_name`, `last_name`, `email`, `phone`, `created_at`, `updated_at`) VALUES (67, 'Vesta', 'Jennyfer', 'ernser.alexzander@example.org', '1-220-667-4312x577', '2018-12-30 17:20:09', '2020-06-07 14:42:54');
INSERT INTO `users` (`id`, `first_name`, `last_name`, `email`, `phone`, `created_at`, `updated_at`) VALUES (68, 'Hilma', 'Margie', 'tressa.hahn@example.org', '626-201-5956', '1983-10-11 02:51:02', '2020-06-07 14:42:54');
INSERT INTO `users` (`id`, `first_name`, `last_name`, `email`, `phone`, `created_at`, `updated_at`) VALUES (69, 'Julie', 'Junior', 'marley29@example.org', '(259)520-9003', '2011-03-21 20:38:01', '2020-06-07 14:42:54');
INSERT INTO `users` (`id`, `first_name`, `last_name`, `email`, `phone`, `created_at`, `updated_at`) VALUES (70, 'Gene', 'Bertha', 'gwill@example.net', '+33(8)1936382050', '2004-09-30 11:50:28', '2020-06-07 14:42:54');
INSERT INTO `users` (`id`, `first_name`, `last_name`, `email`, `phone`, `created_at`, `updated_at`) VALUES (71, 'Laila', 'Mariane', 'lora.hand@example.org', '(891)934-8481', '2007-07-22 23:37:41', '2020-06-07 14:42:54');
INSERT INTO `users` (`id`, `first_name`, `last_name`, `email`, `phone`, `created_at`, `updated_at`) VALUES (72, 'Roberta', 'Zelma', 'consuelo.lebsack@example.net', '1-567-656-3703', '2009-06-20 20:19:31', '2020-06-07 14:42:54');
INSERT INTO `users` (`id`, `first_name`, `last_name`, `email`, `phone`, `created_at`, `updated_at`) VALUES (73, 'Mossie', 'Keara', 'srogahn@example.org', '(354)556-1715x695', '2002-01-01 11:28:39', '2020-06-07 14:42:54');
INSERT INTO `users` (`id`, `first_name`, `last_name`, `email`, `phone`, `created_at`, `updated_at`) VALUES (74, 'Maurine', 'Elena', 'bernadine86@example.org', '1-352-358-1391', '2000-03-12 18:41:18', '2020-06-07 14:42:54');
INSERT INTO `users` (`id`, `first_name`, `last_name`, `email`, `phone`, `created_at`, `updated_at`) VALUES (75, 'Asha', 'Mara', 'kellen40@example.org', '780.415.1321', '2016-10-22 02:55:05', '2020-06-07 14:42:54');
INSERT INTO `users` (`id`, `first_name`, `last_name`, `email`, `phone`, `created_at`, `updated_at`) VALUES (76, 'Florida', 'Rickey', 'kub.ruben@example.org', '538.930.8673', '1979-01-07 00:51:00', '2020-06-07 14:42:54');
INSERT INTO `users` (`id`, `first_name`, `last_name`, `email`, `phone`, `created_at`, `updated_at`) VALUES (77, 'Hosea', 'Lorena', 'brice@example.net', '(782)803-3114x0462', '1997-02-02 12:26:43', '2020-06-07 14:42:54');
INSERT INTO `users` (`id`, `first_name`, `last_name`, `email`, `phone`, `created_at`, `updated_at`) VALUES (78, 'Theron', 'Leanne', 'delphia35@example.net', '04913833567', '1984-06-02 22:40:40', '2020-06-07 14:42:54');
INSERT INTO `users` (`id`, `first_name`, `last_name`, `email`, `phone`, `created_at`, `updated_at`) VALUES (79, 'Adriana', 'Celestine', 'ewald99@example.org', '1-342-711-0151x190', '1971-08-20 23:29:35', '2020-06-07 14:42:54');
INSERT INTO `users` (`id`, `first_name`, `last_name`, `email`, `phone`, `created_at`, `updated_at`) VALUES (80, 'Eulalia', 'Emmalee', 'hwolff@example.net', '1-117-011-2820x97772', '2016-03-23 06:31:46', '2020-06-07 14:42:54');
INSERT INTO `users` (`id`, `first_name`, `last_name`, `email`, `phone`, `created_at`, `updated_at`) VALUES (81, 'Ali', 'Alysson', 'ischultz@example.com', '1-015-205-5165x474', '1984-07-19 16:10:58', '2020-06-07 14:42:54');
INSERT INTO `users` (`id`, `first_name`, `last_name`, `email`, `phone`, `created_at`, `updated_at`) VALUES (82, 'Gina', 'Jaqueline', 'beier.abdiel@example.com', '123.514.9087x35661', '2015-05-26 05:15:01', '2020-06-07 14:42:54');
INSERT INTO `users` (`id`, `first_name`, `last_name`, `email`, `phone`, `created_at`, `updated_at`) VALUES (83, 'Camren', 'Clark', 'murazik.boyd@example.net', '1-244-415-0137x0806', '2017-09-19 17:18:30', '2020-06-07 14:42:54');
INSERT INTO `users` (`id`, `first_name`, `last_name`, `email`, `phone`, `created_at`, `updated_at`) VALUES (84, 'Celia', 'Shana', 'ryan.amalia@example.com', '1-473-639-6128', '2005-12-03 02:50:32', '2020-06-07 14:42:54');
INSERT INTO `users` (`id`, `first_name`, `last_name`, `email`, `phone`, `created_at`, `updated_at`) VALUES (85, 'Monica', 'Dianna', 'keanu.stamm@example.org', '992.809.6226x76576', '1993-03-07 01:35:32', '2020-06-07 14:42:54');
INSERT INTO `users` (`id`, `first_name`, `last_name`, `email`, `phone`, `created_at`, `updated_at`) VALUES (86, 'Santina', 'Antonio', 'schulist.angie@example.com', '(385)643-4006', '2014-08-23 18:11:24', '2020-06-07 14:42:54');
INSERT INTO `users` (`id`, `first_name`, `last_name`, `email`, `phone`, `created_at`, `updated_at`) VALUES (87, 'Matteo', 'Christophe', 'obie47@example.org', '738-860-3437x4988', '1990-10-11 01:01:07', '2020-06-07 14:42:54');
INSERT INTO `users` (`id`, `first_name`, `last_name`, `email`, `phone`, `created_at`, `updated_at`) VALUES (88, 'Erling', 'Vince', 'jakubowski.magdalena@example.org', '1-339-929-9632', '2017-10-17 16:57:47', '2020-06-07 14:42:54');
INSERT INTO `users` (`id`, `first_name`, `last_name`, `email`, `phone`, `created_at`, `updated_at`) VALUES (89, 'Yvonne', 'Shayne', 'stehr.rene@example.net', '994-826-9154x34726', '1981-10-31 00:59:26', '2020-06-07 14:42:54');
INSERT INTO `users` (`id`, `first_name`, `last_name`, `email`, `phone`, `created_at`, `updated_at`) VALUES (90, 'Rodrigo', 'Jayne', 'ulakin@example.com', '+72(3)4774144769', '1978-09-06 09:52:06', '2020-06-07 14:42:54');
INSERT INTO `users` (`id`, `first_name`, `last_name`, `email`, `phone`, `created_at`, `updated_at`) VALUES (91, 'Helga', 'Elnora', 'clotilde.medhurst@example.org', '191.039.8092x604', '1979-07-11 03:53:33', '2020-06-07 14:42:54');
INSERT INTO `users` (`id`, `first_name`, `last_name`, `email`, `phone`, `created_at`, `updated_at`) VALUES (92, 'Leilani', 'Antonio', 'egreen@example.org', '06111898429', '1998-02-17 02:57:55', '2020-06-07 14:42:54');
INSERT INTO `users` (`id`, `first_name`, `last_name`, `email`, `phone`, `created_at`, `updated_at`) VALUES (93, 'Macy', 'Moises', 'rippin.patrick@example.net', '+22(1)8864278820', '1971-12-04 08:57:39', '2020-06-07 14:42:54');
INSERT INTO `users` (`id`, `first_name`, `last_name`, `email`, `phone`, `created_at`, `updated_at`) VALUES (94, 'Mellie', 'Twila', 'rafaela30@example.org', '490.045.5480x661', '1984-04-24 23:36:58', '2020-06-07 14:42:54');
INSERT INTO `users` (`id`, `first_name`, `last_name`, `email`, `phone`, `created_at`, `updated_at`) VALUES (95, 'Dominic', 'Ali', 'karen.mclaughlin@example.org', '(086)887-4372x022', '2003-11-03 05:30:07', '2020-06-07 14:42:54');
INSERT INTO `users` (`id`, `first_name`, `last_name`, `email`, `phone`, `created_at`, `updated_at`) VALUES (96, 'Marge', 'Dakota', 'pearl18@example.com', '920-872-2889', '1999-09-17 03:32:58', '2020-06-07 14:42:54');
INSERT INTO `users` (`id`, `first_name`, `last_name`, `email`, `phone`, `created_at`, `updated_at`) VALUES (97, 'Donnie', 'Dino', 'efren.schuster@example.net', '403.579.2014x341', '1998-04-14 02:21:31', '2020-06-07 14:42:54');
INSERT INTO `users` (`id`, `first_name`, `last_name`, `email`, `phone`, `created_at`, `updated_at`) VALUES (98, 'Vincent', 'Keanu', 'birdie86@example.net', '1-072-971-2245x239', '1992-08-21 16:42:42', '2020-06-07 14:42:54');
INSERT INTO `users` (`id`, `first_name`, `last_name`, `email`, `phone`, `created_at`, `updated_at`) VALUES (99, 'Matilda', 'Donald', 'kwindler@example.com', '406.395.0393', '1970-01-02 21:29:04', '2020-06-07 14:42:54');
INSERT INTO `users` (`id`, `first_name`, `last_name`, `email`, `phone`, `created_at`, `updated_at`) VALUES (100, 'Virginia', 'Sean', 'kurtis.jacobson@example.com', '1-434-525-5566x144', '1999-01-23 14:18:14', '2020-06-07 14:42:54');


